Workbook

Sheet README
A1: ACEG Coding Workbook — QM640 Capstone, Group 3
A2: Purpose: double coding of the 223 frozen cases against the ACEG Framework v1 (docs/codebook.md).
A4: Which cells to edit
A5: Coder1 / Coder2 sheets: only the YELLOW cells (d1–d8, primary_domain, c01–c20, covered, notes). Use the dropdowns.
A6: Gold sheet: only blank YELLOW cells where the coders disagreed; type the agreed value after discussion.
A7: Tracker sheet: coder names in the YELLOW cells. All other cells are formulas or source data — do not edit.
A9: Coding rules (summary — full rules in docs/codebook.md)
A10: 1. Read the case on the Cases sheet (title, description, link). Use only what the advisory says.
A11: 2. d1–d8: 1 if the advisory shows that domain's requirement was breached or could be breached; otherwise 0.
A12: 3. primary_domain: the single domain (1–8) that most directly enabled the weakness; it must be one coded 1.
A13: 4. c01–c20: for controls linked to a domain coded 1, enter 1 = breached (absent, failed or bypassed) or 0 = not breached. Enter NA for controls whose domain is 0 (those cells turn grey).
A14: 5. covered: 1 if at least one breached control would plausibly have prevented the weakness; 0 if the framework has no control for it.
... A24: Example (case CA-018, CVE-2025-54795 — approval-prompt bypass in Claude Code)
A25: d1 | B25: d2 | C25: d3 | D25: d4 | E25: d5 | F25: d6 | G25: d7 | H25: d8 | I25: primary_domain | J25: c01 | K25: c02 | L25: c03 | M25: c08 | N25: c09 | O25: other controls | P25: covered | Q25: n_applicable | R25: n_breached | S25: gcs
A26: 1 | B26: 0 | C26: 0 | D26: 1 | E26: 0 | F26: 0 | G26: 0 | H26: 0 | I26: 1 | J26: 0 | K26: 1 | L26: 0 | M26: 1 | N26: 0 | O26: NA | P26: 1 | Q26: 5 | R26: 2 | S26: 60
A28: Note: column A on this sheet holds long text; widen it or read in the formula bar.

Sheet Tracker
A1: Role | B1: Name
A2: Coder 1
A3: Coder 2
A4: Adjudicator (if the coders cannot agree)
A6: Batch | B6: Cases | C6: Week due | D6: Coder 1 done | E6: Coder 2 done | F6: Both done, full agreement | G6: Gold complete
A7: W2 pilot | B7: =COUNTIF(Cases!$B$2:$B$224,A7) | C7: Week 2 | D7: =SUMPRODUCT((Coder1!$B$2:$B$224=A7)*(Coder1!$AN$2:$AN$224=1)) | E7: =SUMPRODUCT((Coder2!$B$2:$B$224=A7)*(Coder2!$AN$2:$AN$224=1)) | F7: =SUMPRODUCT((Gold!$B$2:$B$224=A7)*(Gold!$AN$2:$AN$224=1)) | G7: =SUMPRODUCT((Gold!$B$2:$B$224=A7)*(Gold!$AM$2:$AM$224=""))
A8: W3 | B8: =COUNTIF(Cases!$B$2:$B$224,A8) | C8: Week 3 | D8: =SUMPRODUCT((Coder1!$B$2:$B$224=A8)*(Coder1!$AN$2:$AN$224=1)) | E8: =SUMPRODUCT((Coder2!$B$2:$B$224=A8)*(Coder2!$AN$2:$AN$224=1)) | F8: =SUMPRODUCT((Gold!$B$2:$B$224=A8)*(Gold!$AN$2:$AN$224=1)) | G8: =SUMPRODUCT((Gold!$B$2:$B$224=A8)*(Gold!$AM$2:$AM$224=""))
A9: W4 | B9: =COUNTIF(Cases!$B$2:$B$224,A9) | C9: Week 4 | D9: =SUMPRODUCT((Coder1!$B$2:$B$224=A9)*(Coder1!$AN$2:$AN$224=1)) | E9: =SUMPRODUCT((Coder2!$B$2:$B$224=A9)*(Coder2!$AN$2:$AN$224=1)) | F9: =SUMPRODUCT((Gold!$B$2:$B$224=A9)*(Gold!$AN$2:$AN$224=1)) | G9: =SUMPRODUCT((Gold!$B$2:$B$224=A9)*(Gold!$AM$2:$AM$224=""))
A10: W5 | B10: =COUNTIF(Cases!$B$2:$B$224,A10) | C10: Week 5 | D10: =SUMPRODUCT((Coder1!$B$2:$B$224=A10)*(Coder1!$AN$2:$AN$224=1)) | E10: =SUMPRODUCT((Coder2!$B$2:$B$224=A10)*(Coder2!$AN$2:$AN$224=1)) | F10: =SUMPRODUCT((Gold!$B$2:$B$224=A10)*(Gold!$AN$2:$AN$224=1)) | G10: =SUMPRODUCT((Gold!$B$2:$B$224=A10)*(Gold!$AM$2:$AM$224=""))
A11: Total | B11: =SUM(B7:B10) | D11: =SUM(D7:D10) | E11: =SUM(E7:E10) | F11: =SUM(F7:F10) | G11: =SUM(G7:G10)

Sheet Codebook
A1: Code | B1: Domain | C1: Family | D1: Linked controls
A2: D1 | B2: Agency and action control | C2: A | D2: C01, C02, C03
A3: D2 | B3: Instruction and boundary adherence | C3: A | D3: C04, C05
A4: D3 | B4: Transparency and honest reporting | C4: D | D4: C06, C07
A5: D4 | B5: Input trust and goal integrity | C5: B | D5: C08, C09
A6: D5 | B6: Secrets and data protection | C6: C | D6: C10, C11
A7: D6 | B7: Code and supply-chain integrity | C7: B | D7: C12, C13, C14
A8: D7 | B8: Accountability and recoverability | C8: D | D8: C15, C16, C17
A9: D8 | B9: Human oversight and appropriate reliance | C9: A | D9: C18, C19, C20
A11: Code | B11: Control | C11: Domain
A12: C01 | B12: Least-privilege credentials and tool permissions | C12: D1
A13: C02 | B13: Human approval gate for sensitive or irreversible actions | C13: D1
A14: C03 | B14: Execution isolation (sandbox; dev/prod separation) | C14: D1
A15: C04 | B15: Machine-enforced policy limits (deny rules, ignore files, allowlists) | C15: D2
A16: C05 | B16: Workspace trust and scope confirmation before execution | C16: D2
A17: C06 | B17: Faithful disclosure of planned actions (full arguments shown) | C17: D3
A18: C07 | B18: Tamper-evident action logs | C18: D3
A19: C08 | B19: Isolation and sanitization of untrusted inputs | C19: D4
A20: C09 | B20: Allow-listed, integrity-checked tools and MCP servers | C20: D4
A21: C10 | B21: Secret scanning, redaction and protected credential storage | C21: D5
A22: C11 | B22: Network egress limits and data-handling policy | C22: D5
... A31: C20 | B31: Capability and limitation disclosure to users | C31: D8
A33: Families | B33: A = Agency and oversight (D1, D2, D8); B = Input and code integrity (D4, D6); C = Data protection (D5); D = Transparency and accountability (D3, D7)

Sheet Cases
A1: case_id | B1: batch | C1: product | D1: component_type | E1: published | F1: title | G1: description | H1: url
A2: CA-013 | B2: W2 pilot | C2: Cursor | D2: agent product | E2: 2025-08-01 | F2: Cursor bypasses its allow list to execute arbitrary commands | G2: Cursor is a code editor built for programming with AI. In versions below 1.3, an attacker can bypass the allow list in auto-run mode with a backtick (`) or $(cmd). If a user has swapped Cursor from its default settings (requiring approval for every terminal call) to an allowlist, an attacker can execute arbitrary command execution outside of the allowlist without user approval. An attacker can trigger this vulnerability if chained with indirect prompt injection. This is fixed in version 1.3. | H2: https://www.cve.org/CVERecord?id=CVE-2025-54131
A3: CA-020 | B3: W2 pilot | C3: Cursor | D3: agent product | E3: 2025-08-05 | F3: Cursor Agent is vulnerable to prompt injection via MCP Special Files | G3: Cursor is a code editor built for programming with AI. Cursor allows writing in-workspace files with no user approval in versions below 1.3.9, If the file is a dotfile, editing it requires approval but creating a new one doesn't. Hence, if sensitive MCP files, such as the .cursor/mcp.json file don't already exist in the workspace, an attacker can chain a indirect prompt injection vulnerability to hijack the context to write to the settings file and trigger RCE on the victim without user approval. This is fixed in version 1.3.9. | H3: https://www.cve.org/CVERecord?id=CVE-2025-54135
A4: CA-026 | B4: W2 pilot | C4: Roo Code | D4: agent product | E4: 2025-08-22 | F4: Roo-Code potential remote code execution via auto-execute command parsing flaw | G4: Roo Code is an AI-powered autonomous coding agent that lives in users' editors. In versions prior to 3.25.5, Roo-Code fails to properly handle process substitution and single ampersand characters in the command parsing logic for auto-execute commands. If a user has enabled auto-approved execution for a command such as ls, an attacker who can submit crafted prompts to the agent may inject arbitrary commands to be executed alongside the intended command. Exploitation requires attacker access to submit prompts and for the user to have enabled auto-approved command execution, which is disabled by default. This vulnerability could allow an attacker to execute arbitrary code. The issue is fixed in version 3.25.5. | H4: https://www.cve.org/CVERecord?id=CVE-2025-57771
A5: CA-035 | B5: W2 pilot | C5: Claude Code | D5: agent product | E5: 2025-09-10 | F5: Claude Code vulnerable to arbitrary code execution caused by maliciously configured git email | G5: At startup, Claude Code constructed a shell command that interpolated the value of `git config user.email` from the current workspace. If an attacker controlled the repository’s Git config (e.g., via a malicious `.git/config`) and set `user.email` to a crafted payload, the unescaped interpolation could trigger arbitrary command execution **before** the user accepted the workspace-trust dialog. The issue affects versions prior to `1.0.105`. The fix in `1.0.105` avoids executing commands built from untrusted configuration and properly validates/escapes inputs. * **Patches:** Update to `@anthropic-ai/claude-code` `1.0.105` or later. * **Workarounds:** Open only trusted workspaces and inspect repository `.git/config` before launch; avoid inheriting untrusted Git configuration values. > Thank you to the NVIDIA AI Red Team for reporting this issue! | H5: https://github.com/advisories/GHSA-j4h9-wv2m-wrf7
A6: CA-085 | B6: W2 pilot | C6: GitHub Copilot | D6: agent product | E6: 2026-02-10 | F6: GitHub Copilot and Visual Studio Code Remote Code Execution Vulnerability | G6: Time-of-check time-of-use (toctou) race condition in GitHub Copilot and Visual Studio allows an authorized attacker to execute code over a network. | H6: https://www.cve.org/CVERecord?id=CVE-2026-21523
A7: CA-088 | B7: W2 pilot | C7: Other coding agent | D7: agent product | E7: 2026-03-05 | F7: Trivy Vulnerability Scanner: Unauthorized AI Agent Execution Code Included in OpenVSX Extension Release | G7: Trivy Vulnerability Scanner is a VS Code extension that helps find vulnerabilities. In Trivy VSCode Extension version 1.8.12, which was distributed via OpenVSX marketplace was compromised and contained malicious code designed to leverage local AI coding agent to collect and exfiltrate sensitive information. Users using the affected artifact are advised to immediately remove it and rotate environment secrets. The malicious artifact has been removed from the marketplace. No other affected artifacts have been identified. | H7: https://www.cve.org/CVERecord?id=CVE-2026-28353
A8: CA-090 | B8: W2 pilot | C8: Claude Code | D8: ecosystem | E8: 2026-03-10 | F8: @siteboon/claude-code-ui is Vulnerable to Shell Command Injection in Git Routes | G8: # Shell Command Injection in User Git Config Endpoint | Field | Value | |-------|-------| | **Severity** | High | | **CVSS 3.1** | 8.8 (High) — when chained with VULN-01 | | **CWE** | CWE-78: Improper Neutralization of Special Elements used in an OS Command ('OS Command Injection') | | **Attack Vector** | Network | | **Authentication** | JWT required (bypassable via VULN-01) | | **Affected Files** | `server/routes/user.js` (lines 58-59) | ## Description The `/api/user/git-config` endpoint constructs shell commands by interpolating user-supplied `gitName` and `gitEmail` values into command strings passed to `child_process.exec()`. The input is placed within double quotes and only `"` is escaped, but backticks (`` ` ``), `$()` command substitution, and `\` sequences are all interpreted within double-quoted strings in bash. This allows authenticated attackers to execute arbitrary OS commands via the git configuration endpoint. ## Root Cause `server/routes/user.js` lines 58-59: ```javascript await execAsync(`git config --global user.name "${gitName.replace(/"/g, '\\"')}"`); await execAsync(`git config --global user.email "${gitEmail.replace(/"/g, '\\"')}"`); ``` Only `"` is escaped. However, within double-quoted bash strings, the following are still interpreted: - `` `malicious_command` `` — backtick execution - `$(malicious_command)` — subshell execution ## Impact - **Remote Code Execution (RCE)** — arbitrary OS commands execute as the Node.js process user - The `git config --global` vector modifies the **server-wide** git configuration, affecting all git operations - When chained with VULN-01 (hardcoded JWT), this is fully **unauthenticated RCE** - Attacker can: read/write any file, install backdoors, pivot to other systems, exfiltrate data ## Proof of Concept ```bash # Step 1: Forge a JWT (see VULN-01) TOKEN=$(python3 -c "import jwt; print(jwt.encode({'userId':1,'username':'admin'}, 'claude-ui-dev-secret-change-in-production', algorithm='HS256'))") # Step 2: Inject via gitName using command substitution curl -X POST "http://REDACTED:5173/api/user/git-config" \ -H "Authorization: Bearer $TOKEN" \ -H "Content-Type: application/json" \ -d '{"gitName":"$(id)","gitEmail":"attacker@example.com"}' ``` The server executes: ``` git config --global user.name "$(id)" ``` Bash evaluates `$(id)` before passing it to git, executing the `id` command and setting the username to the output. ## Remediation Replace `exec()` with `spawn()` (array arguments, no shell): ```javascript // BEFORE (vulnerable): await execAsync(`git config --global user.name "${gitName.replace(/"/g, '\\"')}"`); // AFTER (safe): await spawnAsync('git', ['config', '--global', 'user.name', gitName]); await spawnAsync('git', ['config', '--global', 'user.email', gitEmail]); ``` | H8: https://github.com/advisories/GHSA-7fv4-fmmc-86g2
A9: CA-110 | B9: W2 pilot | C9: Claude Code | D9: agent product | E9: 2026-04-17 | F9: Claude Code: Insecure System-Wide Configuration Loading Enables Local Privilege Escalation on Windows | G9: On Windows, Claude Code loaded system-wide default configuration from `C:\ProgramData\ClaudeCode\managed-settings.json` without validating directory ownership or access permissions. Because the `ProgramData` directory is writable by non-administrative users by default and the `ClaudeCode` subdirectory was not pre-created or access-restricted, a low-privileged local user could create this directory and place a malicious configuration file that would be automatically loaded for any user launching Claude Code on the same machine. Exploiting this would have required a shared multi-user Windows system and a victim user to launch Claude Code after the malicious configuration was placed. Users on standard Claude Code auto-update have received this fix already. Users performing manual updates are advised to update to the latest version. Thank you to hackerone.com/edbr for reporting this issue. | H9: https://github.com/advisories/GHSA-5cwg-9f6j-9jvx
A10: CA-113 | B10: W2 pilot | C10: Gemini CLI | D10: agent product | E10: 2026-04-24 | F10: Gemini CLI: Remote Code Execution via workspace trust and tool allowlisting bypasses | G10: # Summary Gemini CLI (`@google/gemini-cli`) and the `run-gemini-cli` GitHub Action are being updated to harden workspace trust and tool allowlisting, in particular when used in untrusted environments like GitHub Actions. This update introduces a breaking change to how non-interactive (headless) environments handle folder trust, which may impact existing CI/CD workflows under specific conditions. # Details Folder Trust in Headless Mode In previous versions, Gemini CLI running in CI environments (headless mode) automatically trusted workspace folders for the purpose of loading configuration and environment variables. This is potentially risky in situations where Gemini CLI runs on untrusted folders in headless mode (e.g. CI workflows that review user-submitted pull requests). If used with untrusted directory contents, this could lead to remote code execution via malicious environment variables in the local `.gemini/` directory. To ensure consistency and user control, the latest update aligns headless mode behavior with interactive mode, requiring folders to be explicitly trusted before configuration files (such as `.env`) are processed. As a result of this change, GitHub Actions and other automated pipelines that rely on the previous automatic trust behavior will fail to load workspace-specific settings until they are updated to use explicit trust mechanisms. Tool Allowlisting under \--yolo In previous versions, when Gemini CLI was configured to run in `--yolo` mode, it would ignore any fine grained tool allowlist in `~/.gemini/settings.json` (e.g. `run_shell_command(echo)` would allow any command). This is potentially risky in situations where Gemini CLI runs on untrusted inputs with `--yolo` (e.g. CI workflows that triage user-submitted GitHub issues where we recommend a strict allowlist). If used with untrusted content and a tool allowlist that permits `run_shell_command`, this could lead to remote code execution via prompt injection. In version `0.39.1`, the Gemini CLI policy engine now evaluates tool allowlisting under `--yolo` mode, which is useful for CI workflows that allowlist a few safe commands to run when processing untrusted inputs. As a result, some workflows that previously depended on this behavior may fail silently unless tool allowlists are modified to fit the task. # Impact This impact is limited to workflows using Gemini CLI in headless mode. Any use of Gemini CLI in headless mode without folder trust will require manual review to correctly configure folder trust. **This affects all Gemini CLI GitHub Actions.** Users must review their workflows, and take one of two approaches: 1\. If the workflow runs on trusted inputs (e.g. reviewing PRs from trusted collaborators), set `GEMINI_TRUST_WORKSPACE: 'true'` in your workflow. 2\. If the workflow runs on untrusted inputs, review our guidance in [google-github-actions/run-gemini-cli](https://github.com/google-github-actions/run-gemini-cli) to harden your workflow against m | H10: https://github.com/advisories/GHSA-wpqr-6v78-jr5g
A11: CA-117 | B11: W2 pilot | C11: Cline | D11: ecosystem | E11: 2026-05-08 | F11: Cline Kanban Server has a Cross-Origin WebSocket Hijacking Vulnerability | G11: ## Summary The `kanban` npm package (used by the `cline` CLI) starts a WebSocket server on `127.0.0.1:3484` with no Origin header validation. Any website a developer visits can silently connect to the kanban server via WebSocket and: 1. Leak sensitive data in real-time: workspace filesystem paths, task titles/descriptions, git branch info, AI agent chat messages 2. Hijack running AI agent terminals by injecting arbitrary prompts into the agent's input, leading to remote code execution 3. Kill running agent tasks by terminating active sessions via the control WebSocket WebSocket connections are not subject to CORS restrictions. The browser sends them freely to localhost regardless of the page's origin. The kanban server accepts all connections without checking the Origin header. ## Affected Component - Package: `kanban` on npm (https://www.npmjs.com/package/kanban) - Repository: https://github.com/cline/kanban - Tested version: 0.1.59 - Installed via: `cline` CLI (`cline --kanban` or default `cline` command) - Endpoints: `ws://127.0.0.1:3484/api/runtime/ws`, `ws://127.0.0.1:3484/api/terminal/io`, `ws://127.0.0.1:3484/api/terminal/control` ## Root Cause Three WebSocket endpoints are exposed without authentication or Origin validation. ### 1. Runtime state stream (no Origin check on upgrade) ```javascript server.on("upgrade", (request, socket, head) => { if (normalizeRequestPath(requestUrl.pathname) !== "/api/runtime/ws") { return; } // No Origin header validation. Any website can connect. deps.runtimeStateHub.handleUpgrade(request, socket, head, { requestedWorkspaceId }); }); ``` On connection, the server immediately sends a full snapshot of the developer's workspace: ```javascript sendRuntimeStateMessage(client, { type: "snapshot", currentProjectId: projectsPayload.currentProjectId, projects: projectsPayload.projects, // filesystem paths workspaceState, // tasks, git info, board workspaceMetadata, // git summary clineSessionContextVersion }); ``` ### 2. Terminal I/O (raw bytes written to agent terminal, no auth) ```javascript ioServer.on("connection", (ws, context2) => { ws.on("message", (rawMessage) => { // Attacker's bytes written directly to the agent PTY terminalManager.writeInput(taskId, rawDataToBuffer(rawMessage)); }); }); ``` ### 3. Terminal control (can kill tasks, no auth) ```javascript controlServer.on("connection", (ws, context2) => { ws.on("message", (rawMessage) => { const message = parseWebSocketPayload(rawMessage); if (message.type === "stop") { terminalManager.stopTaskSession(taskId); } }); }); ``` ## Exploitation ### Step 1: Cross-Origin Info Leak From any website, JavaScript connects to the runtime WebSocket. No CORS applies: ```javascript // Run this on https://example.com. It connects to the victim's local kanban. const ws = new WebSocket | H11: https://github.com/advisories/GHSA-5c57-rqjx-35g2
A12: CA-132 | B12: W2 pilot | C12: Other coding agent | D12: agent product | E12: 2026-05-28 | F12: CodeWhale: run_tests Tool Enables RCE via Malicious Repository Without Approval | G12: CodeWhale is a DeepSeek + MiMo coding agent in terminal. From 0.3.0 to 0.8.23, the run_tests tool executes cargo test in the workspace with ApprovalRequirement::Auto, meaning it runs without any user approval prompt. cargo test compiles and executes arbitrary code: test binaries, build.rs build scripts, and proc macros. While auto-approving test execution is a deliberate design choice, it creates an inconsistency in the security boundary. However, in a malicious repository, test code can execute arbitrary shell commands, exfiltrate credentials, or establish persistence with zero approval. The attack is amplified by AGENTS.md (auto-loaded into the system prompt), which can instruct the model to run tests proactively at session start. This vulnerability is fixed in 0.8.23. | H12: https://www.cve.org/CVERecord?id=CVE-2026-45311
... A14: CA-135 | B14: W2 pilot | C14: Claude Code | D14: ecosystem | E14: 2026-05-28 | F14: nono: Sandbox escape on Linux via D-Bus: `systemd-run --user` | G14: ### Summary The nono Landlock/seccomp policies allow access to local Unix domain sockets (concrete and abstract). This allows an easy sandbox escape by talking to the per-user systemd dbus socket. Threat scenario: Running Aider, Claude Code, OpenCode or similar tools with "allow bash" policy so that it can invoke arbitrary host tools like `make`, `gcc`, etc. to write code. ### Reproducer Here, instead of running a tool like `opencode` or `claude` one can just invoke `systemd-run`, but this is something an agent could be tricked into doing: ```bash $ cd ~/src/myproject $ nono run -s --allow-cwd --profile claude-code -- \ systemd-run --user -q --wait --collect \ /bin/sh -c "echo oops > ~/Documents/escaped.txt" $ cat /var/home/test/Documents/escaped.txt oops $ ``` ### Impact Complete sandbox escape. The unsandboxed sibling process can write anywhere the user can write, spawn arbitrary processes with network access, etc. ### Maintainer Context This issue allows a process running inside the sandbox to escape confinement by interacting with local user-scoped IPC mechanisms and regain the authority already held by the invoking user or service account. The issue impacts the sandbox’s confinement and blast-radius reduction guarantees for agents and sandboxed tooling. However, exploitation does not provide privilege escalation, cross-user access, or host compromise beyond the permissions already available to the launcher outside the sandbox. This issue affects the CLI policy layer and bundled sandbox profiles. The underlying core library `nono` does not ship with policy definitions or agent-facing confinement profiles by default, nor do the language SDKs. This is considered a serious issue because an AI agent or untrusted command stream operating within the sandbox could abuse the bypass to perform unauthorized or destructive actions using the delegated authority of the launching user. The root cause was incomplete mediation of local Unix domain socket access within affected sandbox policies. Support for restricting this behavior has since been added and the fix is available in the repository pending release. CVSS rationale: exploitation requires execution within a locally launched sandboxed process using the authority already delegated by the invoking user or service account (`AV:L/PR:L`). The issue allows reliable bypass of sandbox confinement and policy guarantees, resulting in high integrity impact (`I:H`) and limited availability impact (`A:L`) through destructive actions within the launcher’s existing permissions. However, the issue does not provide privilege escalation, cross-user access, or a change in security scope (`S:U`). | H14: https://github.com/advisories/GHSA-27vp-2mmc-vmh3
A15: CA-141 | B15: W2 pilot | C15: GitHub Copilot | D15: agent product | E15: 2026-06-09 | G15: Improper limitation of a pathname to a restricted directory ('path traversal') in GitHub Copilot and Visual Studio Code allows an unauthorized attacker to bypass a security feature locally. | H15: https://github.com/advisories/GHSA-f78m-9xhc-p52v
A16: CA-145 | B16: W2 pilot | C16: Claude Code | D16: agent product | E16: 2026-06-17 | F16: Claude Code: Out-of-Band Data Exfiltration via Pre-Approved HuggingFace Domain in WebFetch | G16: Because the hostname huggingface.co was pre-approved as a bare hostname for the WebFetch tool, any path on that domain—including attacker-controlled model repositories—was auto-approved without a permission prompt or being subject to --allowedTools restrictions. An attacker able to inject untrusted content into a Claude Code context could direct it to issue WebFetch requests against attacker-controlled repository files (e.g. /resolve/main/config.json), which HuggingFace counts as downloads server-side, creating a covert out-of-band channel for encoding and exfiltrating data Claude can access such as files, environment variables, or command output. Reliably exploiting this required the ability to add untrusted content into a Claude Code context window. Users on standard Claude Code auto-update have received this fix already; users performing manual updates are advised to update to the latest version. Thank you to hackerone.com/novee for reporting this issue. | H16: https://github.com/advisories/GHSA-fg94-h982-f3mm
A17: CA-153 | B17: W2 pilot | C17: Other coding agent | D17: ecosystem | E17: 2026-06-24 | F17: chrome-devtools-mcp: daemon.pid write follows symlinks in /tmp fallback runtime directory | G17: Chrome DevTools for agents (chrome-devtools-mcp) lets your coding agent control and inspect a live Chrome browser. From 0.20.0 until 1.1.0, The chrome-devtools-mcp daemon writes its PID file with fs.writeFileSync() to a deterministic runtime path. On typical macOS environments, and on Linux sessions where $XDG_RUNTIME_DIR is unset, that runtime path falls back to /tmp/chrome-devtools-mcp-<uid>/daemon.pid. Because the write does not use O_NOFOLLOW, a local low-privilege user on the same POSIX host can pre-create /tmp/chrome-devtools-mcp-<victim_uid>/daemon.pid as a symlink to a file writable by the victim. When the victim later starts daemon mode, fs.writeFileSync() follows the symlink and truncates the target file to the daemon PID string. This vulnerability is fixed in 1.1.0. | H17: https://www.cve.org/CVERecord?id=CVE-2026-53765
A18: CA-156 | B18: W2 pilot | C18: Cursor | D18: agent product | E18: 2026-06-25 | F18: Cursor Desktop sandbox escape via agent-controlled working directory | G18: Cursor is a code editor built for programming with AI. Prior to 3.0, Cursor runs agent terminal commands in a sandbox by default, and the sandbox grants write access to the command's working directory. A flaw was identified in how the agent could modify the working_directory parameter, which could cause the sandbox to include writable paths outside the intended workspace. A malicious agent could set working_directory to a sensitive location and write arbitrary files outside the workspace under the user's privileges. This enables non-sandboxed Remote Code Execution — for example by overwriting the cursorsandbox helper so later commands run unsandboxed — with no user interaction beyond a benign prompt. This vulnerability is fixed in 3.0. | H18: https://www.cve.org/CVERecord?id=CVE-2026-50548
A19: CA-162 | B19: W2 pilot | C19: GitHub Copilot | D19: agent product | E19: 2026-07-14 | G19: Insufficiently protected credentials in GitHub Copilot and Visual Studio Code allows an unauthorized attacker to disclose information over a network. | H19: https://github.com/advisories/GHSA-3v99-gw88-f2cw
A20: CA-172 | B20: W2 pilot | C20: Other coding agent | D20: ecosystem | E20: 2026-08-03 | F20: Ouroboros: Untrusted project .env can still reach RCE via omitted execution-routing keys (Incomplete fix of CVE-2026-47211) | G20: Ouroboros is a local-first runtime for AI coding agents that records their actions and applies user-defined policies to constrain behavior. Versions prior to 0.42.1 have an incomplete denylist. Several execution-routing keys of the same RCE class were omitted, so a malicious cloned repo can still reach arbitrary command execution by shipping a .env (auto-loaded at import, with no review step). The CVE-2026-47211 fix added _UNTRUSTED_ENV_DENYLIST to stop an untrusted project-directory .env from redirecting execution, but it did not account for all keys. The backend config-home and MCP/plugin roots bypass the approval gate by pointing the nested agent, MCP servers, and plugin roster at attacker config. Other variables re-enable blocked local transports, replace sub-agent prompts, switch backends, and lower tool approval classes, further weakening the approval gate. This issue has been fixed in version 0.42.1. | H20: https://www.cve.org/CVERecord?id=CVE-2026-66065
A21: CA-200 | B21: W2 pilot | C21: Aider | D21: agent product | E21: 2026-09-04 | G21: aider (aider-chat) automatically loads a .aider.conf.yml configuration file from the root of the git repository it is launched in. A crafted repository can set test-cmd (executed at startup) or lint-cmd (executed on the first file edit), which aider runs through a shell (subprocess with shell=True) without any user confirmation, LLM interaction, or API key. Consequently, a user who clones and runs aider inside an attacker-supplied repository achieves arbitrary command execution on their machine. The behavior is long-standing and was confirmed on 0.86.3.dev (current main). | H21: https://github.com/advisories/GHSA-h3gc-qfjg-2m69
A22: CA-001 | B22: W3 | C22: Sourcegraph Cody/Amp | D22: agent product | E22: 2023-10-31 | F22: Overwrite of builtin Cody commands facilitates RCE | G22: Cody is an artificial intelligence (AI) coding assistant. The Cody AI VSCode extension versions 0.10.0 through 0.14.0 are vulnerable to Remote Code Execution under certain conditions. An attacker in control of a malicious repository could modify the Cody configuration file `.vscode/cody.json` and overwrite Cody commands. If a user with the extension installed opens this malicious repository and runs a Cody command such as /explain or /doc, this could allow arbitrary code execution on the user's machine. The vulnerability is rated as critical severity, but with low exploitability. It requires the user to have a malicious repository loaded and execute the overwritten command in VS Code. The issue is exploitable regardless of the user blocking code execution on a repository through VS Code Workspace Trust. The issue was found during a regular 3rd party penetration test. The maintainers of Cody do not have evidence of open source repositories having malicious `.vscode/cody.json` files to exploit this vulnerability. The issue is fixed in version 0.14.1 of the Cody VSCode extension. In case users can't promptly upgrade, they should not open any untrusted repositories with the Cody extension loaded. | H22: https://www.cve.org/CVERecord?id=CVE-2023-46248
A23: CA-002 | B23: W3 | C23: Cursor | D23: agent product | E23: 2024-10-22 | F23: RCE via Prompt Injection Into Cursor's Terminal Cmd-K | G23: Cursor is a code editor built for programming with AI. Prior to Sep 27, 2024, if a user generated a terminal command via Cursor's Terminal Cmd-K/Ctrl-K feature and if the user explicitly imported a malicious web page into the Terminal Cmd-K prompt, an attacker with control over the referenced web page could have a significant chance of influencing a language model to output arbitrary commands for execution in the user's terminal. This scenario would require the user explicitly opt-in to including the contents of a compromised webpage, and it would require that the attacker display prompt injection text in the the contents of the compromised webpage. A server-side patch to not stream back newlines or control characters was released on September 27, 2024, within two hours of the issue being reported. Additionally, Cursor 0.42 includes client-side mitigations to prevent any newline or control character from being streamed into the terminal directly. It also contains a new setting, `"cursor.terminal.usePreviewBox"`, which, if set to true, streams the response into a preview box whose contents then have to be manually accepted before being inserted into the terminal. This setting is useful if you're working in a shell environment where commands can be executed without pressing enter or any control character. The patch has been applied server-side, so no additional action is needed, even on older versions of Cursor. Separately, Cursor's maintainers also recommend, as best practice, to only include trusted pieces of context in prompts. | H23: https://www.cve.org/CVERecord?id=CVE-2024-48919
A24: CA-003 | B24: W3 | C24: Cursor | D24: ecosystem | E24: 2025-03-01 | G24: ToDesktop before 2024-10-03, as used by Cursor before 2024-10-03 and other applications, allows remote attackers to execute arbitrary commands on the build server (e.g., read secrets from the desktopify config.prod.json file), and consequently deploy updates to any app, via a postinstall script in package.json. No exploitation occurred. | H24: https://github.com/advisories/GHSA-6662-3hpj-63qq
A25: CA-004 | B25: W3 | C25: Cursor | D25: agent product | E25: 2025-04-08 | F25: Arbitrary file write from Cursor Agent through a prompt injection from malicious @Docs | G25: Cursor is a code editor built for programming with AI. In versions 0.45.0 through 0.48.6, the Cursor app introduced a regression affecting the set of file paths the Cursor Agent is permitted to modify automatically. Under specific conditions, the agent could be prompted, either directly by the user or via maliciously crafted context, to automatically write to files outside of the opened workspace. This behavior required deliberate prompting, making successful exploitation highly impractical in real-world scenarios. Furthermore, the edited file was still displayed in the UI as usual for user review, making it unlikely for the edit to go unnoticed by the user. This vulnerability is fixed in 0.48.7. | H25: https://www.cve.org/CVERecord?id=CVE-2025-32018
A26: CA-005 | B26: W3 | C26: Cursor | D26: agent product | E26: 2025-06-11 | F26: Cursor Agent Potentially Leaks Information using JSON schema | G26: Cursor is a code editor built for programming with AI. Prior to 0.51.0, by default, the setting json.schemaDownload.enable was set to True. This means that by writing a JSON file, an attacker can trigger an arbitrary HTTP GET request that does not require user confirmation. Since the Cursor Agent can edit JSON files, this means a malicious agent, for example, after a prompt injection attack already succeeded, could trigger a GET request to an attacker controlled URL, potentially exfiltrating other data the agent may have access to. This vulnerability is fixed in 0.51.0. | H26: https://www.cve.org/CVERecord?id=CVE-2025-49150
A27: CA-006 | B27: W3 | C27: Claude Code | D27: agent product | E27: 2025-06-23 | F27: Claude Code Improper Authorization via websocket connections from arbitrary origins | G27: Claude Code extensions in VSCode and forks (e.g., Cursor, Windsurf, and VSCodium) and JetBrains IDEs (e.g., IntelliJ, Pycharm, and Android Studio) are vulnerable to unauthorized websocket connections from an attacker when visiting attacker-controlled webpages. Claude Code for VSCode IDE extensions versions 0.2.116 through 1.0.23 are vulnerable. For Jetbrains IDE plugins, Claude Code [beta] versions 0.1.1 through 0.1.8 are vulnerable. In VSCode (and forks), exploitation would allow an attacker to read arbitrary files, see the list of files open in the IDE, get selection and diagnostics events from the IDE, or execute code in limited situations where a user has an open Jupyter Notebook and accepts a malicious prompt. In JetBrains IDEs, an attacker could get selection events, a list of open files, and a list of syntax errors. **Remediation** We released a patch for this issue on June 13th, 2025. Although Claude Code auto-updates when you launch it and auto-updates the extensions, you should take the following steps (the exact steps depend on your IDE). **VSCode, Cursor, Windsurf, VSCodium, and other VSCode forks** Extension Name: Claude Code for VSCode Instructions: 1. Open the list of Extensions (View->Extensions) 2. Look for Claude Code for VSCode among installed extensions 3. If you have a version < 1.0.24, click “Update” (or “Uninstall”) 4. Restart the IDE **All JetBrains IDEs including IntelliJ, PyCharm, and Android Studio** Plugin name: Claude Code [Beta] Instructions: 1. Open the Plugins list 2. Look for Claude Code [Beta] among installed extensions 3. Update (or Uninstall) the plugin if the version is < 0.1.9 4. Restart the IDE | H27: https://github.com/advisories/GHSA-9f65-56v6-gxw7
A28: CA-007 | B28: W3 | C28: Roo Code | D28: agent product | E28: 2025-06-27 | F28: Roo Code extension vulnerable to Potential Information Leakage via JSON Schema | G28: Roo Code is an AI-powered autonomous coding agent. Prior to version 3.20.3, there was an issue where the Roo Code agent's `search_files` tool did not respect the setting to disable reads outside of the VS Code workspace. This means that an attacker who was able to inject a prompt into the agent could potentially read a sensitive file and then write the information to a JSON schema. Users have the option to disable schema fetching in VS Code, but the feature is enabled by default. For users with this feature enabled, writing to the schema would trigger a network request without the user having a chance to deny. This issue is of moderate severity, since it requires the attacker to already be able to submit prompts to the agent. Version 3.20.3 fixed the issue where `search_files` did not respect the setting to limit it to the workspace. This reduces the scope of the damage if an attacker is able to take control of the agent through prompt injection or another vector. | H28: https://www.cve.org/CVERecord?id=CVE-2025-53097
A29: CA-008 | B29: W3 | C29: Roo Code | D29: agent product | E29: 2025-06-27 | F29: Roo Code Vulnerable to Potential Remote Code Execution via Model Context Protocol | G29: Roo Code is an AI-powered autonomous coding agent. The project-specific MCP configuration for the Roo Code agent is stored in the `.roo/mcp.json` file within the VS Code workspace. Because the MCP configuration format allows for execution of arbitrary commands, prior to version 3.20.3, it would have been possible for an attacker with access to craft a prompt to ask the agent to write a malicious command to the MCP configuration file. If the user had opted-in to auto-approving file writes within the project, this would have led to arbitrary command execution. This issue is of moderate severity, since it requires the attacker to already be able to submit prompts to the agent (for instance through a prompt injection attack), for the user to have MCP enabled (on by default), and for the user to have enabled auto-approved file writes (off by default). Version 3.20.3 fixes the issue by adding an additional layer of opt-in configuration for auto-approving writing to Roo's configuration files, including all files within the `.roo/` folder. | H29: https://www.cve.org/CVERecord?id=CVE-2025-53098
A30: CA-009 | B30: W3 | C30: Roo Code | D30: agent product | E30: 2025-07-07 | F30: Roo Code allows Potential Remote Code Execution via .vscode/settings.json | G30: Roo Code is an AI-powered autonomous coding agent. Prior to 3.22.6, if the victim had "Write" auto-approved, an attacker with the ability to submit prompts to the agent could write to VS Code settings files and trigger code execution. There were multiple ways to achieve that. One example is with the php.validate.executablePath setting which lets you set the path for the php executable for syntax validation. The attacker could have written the path to an arbitrary command there and then created a php file to trigger it. This vulnerability is fixed in 3.22.6. | H30: https://www.cve.org/CVERecord?id=CVE-2025-53536
A31: CA-010 | B31: W3 | C31: Roo Code | D31: agent product | E31: 2025-07-23 | F31: Roo Code Lacks Line Break Validation in its Command Execution Tool | G31: Roo Code is an AI-powered autonomous coding agent that lives in users' editors. In versions 3.23.18 and below, RooCode does not validate line breaks (\n) in its command input, allowing potential bypass of the allow-list mechanism. The project appears to lack parsing or validation logic to prevent multi-line command injection. When commands are evaluated for execution, only the first line or token may be considered, enabling attackers to smuggle additional commands in subsequent lines. This is fixed in version 3.23.19. | H31: https://www.cve.org/CVERecord?id=CVE-2025-54377
A32: CA-011 | B32: W3 | C32: OpenAI Codex | D32: agent product | E32: 2025-07-25 | G32: OpenAI Codex CLI before 0.9.0 auto-approves ripgrep (aka rg) execution even with the --pre or --hostname-bin or --search-zip or -z flag. | H32: https://github.com/advisories/GHSA-q6hp-29g8-7j6j
A33: CA-012 | B33: W3 | C33: Amazon Q Developer | D33: agent product | E33: 2025-07-30 | F33: Inert Malicious script injected into Amazon Q Developer Visual Studio Code (VS Code) Extension | G33: The Amazon Q Developer Visual Studio Code (VS Code) extension v1.84.0 contains inert, injected code designed to call the Q Developer CLI. The code executes when the extension is launched within the VS Code environment; however the injected code contains a syntax error which prevents it from making a successful API call to the Q Developer CLI. To mitigate this issue, users should upgrade to version v1.85.0. All installations of v1.84.0 should be removed from use. | H33: https://www.cve.org/CVERecord?id=CVE-2025-8217
A34: CA-014 | B34: W3 | C34: Cursor | D34: agent product | E34: 2025-08-01 | F34: Cursor's Mermaid Diagram Tool is Vulnerable to an Arbitrary Image Fetch | G34: Cursor is a code editor built for programming with AI. In versions below 1.3, Mermaid (which is used to render diagrams) allows embedding images which then get rendered by Cursor in the chat box. An attacker can use this to exfiltrate sensitive information to a third-party attacker controlled server through an image fetch after successfully performing a prompt injection. A malicious model (or hallucination/backdoor) might also trigger this exploit at will. This issue requires prompt injection from malicious data (web, image upload, source code) in order to exploit. In that case, it can send sensitive information to an attacker-controlled external server. This is fixed in version 1.3. | H34: https://www.cve.org/CVERecord?id=CVE-2025-54132
A35: CA-015 | B35: W3 | C35: Cursor | D35: agent product | E35: 2025-08-01 | F35: Cursor's MCP Install Deeplink Does Not Show Arguments in its User-Dialog | G35: Cursor is a code editor built for programming with AI. In versions 1.17 through 1.2, there is a UI information disclosure vulnerability in Cursor's MCP (Model Context Protocol) deeplink handler, allowing attackers to execute 2-click arbitrary system commands through social engineering attacks. When users click malicious `cursor://anysphere.cursor-deeplink/mcp/install` links, the installation dialog does not show the arguments being passed to the command being run. If a user clicks a malicious deeplink, then examines the installation dialog and clicks through, the full command including the arguments will be executed on the machine. This is fixed in version 1.3. | H35: https://www.cve.org/CVERecord?id=CVE-2025-54133
A36: CA-016 | B36: W3 | C36: Cursor | D36: agent product | E36: 2025-08-01 | F36: Cursor's Modification of MCP Server Definitions Bypasses Manual Re-approvals | G36: Cursor is a code editor built for programming with AI. In versions 1.2.4 and below, attackers can achieve remote and persistent code execution by modifying an already trusted MCP configuration file inside a shared GitHub repository or editing the file locally on the target's machine. Once a collaborator accepts a harmless MCP, the attacker can silently swap it for a malicious command (e.g., calc.exe) without triggering any warning or re-prompt. If an attacker has write permissions on a user's active branches of a source repository that contains existing MCP servers the user has previously approved, or allows an attacker has arbitrary file-write locally, the attacker can achieve arbitrary code execution. This is fixed in version 1.3. | H36: https://www.cve.org/CVERecord?id=CVE-2025-54136
A37: CA-017 | B37: W3 | C37: Claude Code | D37: agent product | E37: 2025-08-04 | F37: Claude Code Research Preview has a Path Restriction Bypass which could allow unauthorized file access | G37: Due to a path validation flaw using prefix matching instead of canonical path comparison, it was possible to bypass directory restrictions and access files outside the CWD. Successful exploitation depends on the presence of (or ability to create) a directory with the same prefix as the CWD and the ability to add untrusted content into a Claude Code context window. Users on standard Claude Code auto-update received this fix automatically after release. Current users of Claude Code are unaffected, as versions prior to 1.0.24 are deprecated and have been forced to update. Thank you to Elad Beber (Cymulate) for reporting this issue! | H37: https://github.com/advisories/GHSA-pmw4-pwvc-3hx2
A38: CA-018 | B38: W3 | C38: Claude Code | D38: agent product | E38: 2025-08-04 | F38: Claude Code echo command allowed bypass of user approval prompt for command execution | G38: Due to an error in command parsing, it was possible to bypass the Claude Code confirmation prompt to trigger execution of an untrusted command. Reliably exploiting this requires the ability to add untrusted content into a Claude Code context window. Users on standard Claude Code auto-update received this fix automatically after release. Current users of Claude Code are unaffected, as versions prior to 1.0.24 are deprecated and have been forced to update. Thank you to Elad Beber (Cymulate) for reporting this issue! | H38: https://github.com/advisories/GHSA-x56v-x2h6-7j34
A39: CA-019 | B39: W3 | C39: Cursor | D39: agent product | E39: 2025-08-05 | F39: Cursor Agent is vulnerable prompt injection via Editor Special Files | G39: Cursor is a code editor built for programming with AI. Cursor allows writing in-workspace files with no user approval in versions less than 1.3.9. If the file is a dotfile, editing it requires approval but creating a new one doesn't. Hence, if sensitive editor files, such as the .vscode/settings.json file don't already exist in the workspace, an attacker can chain a indirect prompt injection vulnerability to hijack the context to write to the settings file and trigger RCE on the victim without user approval. This is fixed in version 1.3.9. | H39: https://www.cve.org/CVERecord?id=CVE-2025-54130
A40: CA-021 | B40: W3 | C40: Zed | D40: agent product | E40: 2025-08-11 | F40: Zed AI Agent Remote Code Execution | G40: Zed is a multiplayer code editor. Prior to version 0.197.3, in the Zed Agent Panel allowed for an AI agent to achieve Remote Code Execution (RCE) by bypassing user permission checks. An AI Agent could have exploited a permissions bypass vulnerability to create or modify a project-specific configuration file, leading to the execution of arbitrary commands on a victim's machine without the explicit approval that would otherwise be required. This vulnerability has been patched in version 0.197.3. A workaround for this issue involves either avoid sending prompts to the Agent Panel, or to limit the AI Agent's file system access. | H40: https://www.cve.org/CVERecord?id=CVE-2025-55012
A41: CA-022 | B41: W3 | C41: GitHub Copilot | D41: agent product | E41: 2025-08-12 | G41: Improper neutralization of special elements used in a command ('command injection') in GitHub Copilot and Visual Studio allows an unauthorized attacker to execute code locally. | H41: https://github.com/advisories/GHSA-3m2x-p87c-pwv6
A42: CA-023 | B42: W3 | C42: OpenAI Codex | D42: agent product | E42: 2025-08-13 | G42: Using Codex CLI in workspace-write mode inside a malicious context (repo, directory, etc) could lead to arbitrary file overwrite and potentially remote code execution due to symlinks being followed outside the allowed current working directory. | H42: https://github.com/advisories/GHSA-698g-97rr-xgjf
A43: CA-024 | B43: W3 | C43: Claude Code | D43: agent product | E43: 2025-08-18 | F43: Claude Code's Permissive Default Allowlist Enables Unauthorized File Read and Network Exfiltration in Claude Code | G43: Due to an overly broad allowlist of safe commands, it was possible to bypass the Claude Code confirmation prompts to read a file and then send file contents over the network without user confirmation. Reliably exploiting this requires the ability to add untrusted content into a Claude Code context window. Users on standard Claude Code auto-update received this fix automatically after release. Current users of Claude Code are unaffected, as versions prior to 1.0.24 are deprecated and have been forced to update. Thank you to https://hackerone.com/wunderwuzzi23 for reporting this issue! | H43: https://github.com/advisories/GHSA-x5gv-jw7f-j6xj
A44: CA-025 | B44: W3 | C44: Claude Code | D44: ecosystem | E44: 2025-08-21 | F44: @musistudio/claude-code-router has improper CORS configuration | G44: ### Impact Due to improper Cross-Origin Resource Sharing (CORS) configuration, there is a risk that user API Keys or equivalent credentials may be exposed to untrusted domains. Attackers could exploit this misconfiguration to steal credentials, abuse accounts, exhaust quotas, or access sensitive data. ### Patches The issue has been patched in v1.0.34. | H44: https://github.com/advisories/GHSA-8hmm-4crw-vm2c
A45: CA-027 | B45: W3 | C45: JetBrains AI/Junie | D45: agent product | E45: 2025-08-28 | G45: In JetBrains Junie before 252.284.66, 251.284.66, 243.284.66, 252.284.61, 251.284.61, 243.284.61, 252.284.50, 252.284.54, 251.284.54, 251.284.50, 243.284.54, 243.284.50 information disclosure was possible via search_project function | H45: https://github.com/advisories/GHSA-g74x-fxmv-p55j
A46: CA-028 | B46: W3 | C46: Claude Code | D46: agent product | E46: 2025-09-03 | F46: Claude Code Vulnerable to Arbitrary Code Execution Due to Insufficient Startup Warning | G46: When Claude Code was started in a new directory, it displayed a warning asking, "Do you trust the files in this folder?". This warning did not properly document that selecting "Yes, proceed" would allow Claude Code to execute files in the folder without additional confirmation. This may not have been clear to a user so we have updated the warning to clarify this functionality. Users on standard Claude Code auto-update will have received this fix automatically. Users performing manual updates are advised to update to the latest version. Thank you to https://hackerone.com/avivdon for reporting this issue! | H46: https://github.com/advisories/GHSA-ph6w-f82w-28w6
A47: CA-029 | B47: W3 | C47: Roo Code | D47: agent product | E47: 2025-09-05 | F47: Roo Code: Potential Remote Code Execution via Bash Parameter Expansion and Indirect Reference | G47: Roo Code is an AI-powered autonomous coding agent that lives in users' editors. Versions below 3.26.0 contain a vulnerability in the command parsing logic where the Bash parameter expansion and indirect reference were not handled correctly. If the agent was configured to auto-approve execution of certain commands, an attacker able to influence prompts could abuse this weakness to execute additional arbitrary commands alongside the intended one. This is fixed in version 3.26.0. | H47: https://www.cve.org/CVERecord?id=CVE-2025-58370
A48: CA-030 | B48: W3 | C48: Roo Code | D48: agent product | E48: 2025-09-05 | F48: Roo Code is vulnerable to command injection via GitHub actions workflow | G48: Roo Code is an AI-powered autonomous coding agent that lives in users' editors. In versions 3.26.6 and below, a Github workflow used unsanitized pull request metadata in a privileged context, allowing an attacker to craft malicious input and achieve Remote Code Execution (RCE) on the Actions runner. The workflow runs with broad permissions and access to repository secrets. It is possible for an attacker to execute arbitrary commands on the runner, push or modify code in the repository, access secrets, and create malicious releases or packages, resulting in a complete compromise of the repository and its associated services. This is fixed in version 3.26.7. | H48: https://www.cve.org/CVERecord?id=CVE-2025-58371
A49: CA-031 | B49: W3 | C49: Roo Code | D49: agent product | E49: 2025-09-05 | F49: Roo Code: Potential Remote Code Execution via .code-workspace | G49: Roo Code is an AI-powered autonomous coding agent that lives in users' editors. Versions 3.25.23 and below contain a vulnerability where certain VS Code workspace configuration files (.code-workspace) are not protected in the same way as the .vscode folder. If the agent was configured to auto-approve file writes, an attacker able to influence prompts (for example via prompt injection) could cause malicious workspace settings or tasks to be written. These tasks could then be executed automatically when the workspace is reopened, resulting in arbitrary code execution. This issue is fixed in version 3.26.0. | H49: https://www.cve.org/CVERecord?id=CVE-2025-58372
A50: CA-032 | B50: W3 | C50: Roo Code | D50: agent product | E50: 2025-09-05 | F50: Roo Code: Symlink-bypass of .rooignore can lead to unintended file disclosure | G50: Roo Code is an AI-powered autonomous coding agent that lives in users' editors. Versions 3.25.23 and below contain a vulnerability where .rooignore protections could be bypassed using symlinks. This allows an attacker with write access to the workspace to trick the extension into reading files that were intended to be excluded. As a result, sensitive files such as .env or configuration files could be exposed. An attacker able to modify files within the workspace could gain unauthorized access to sensitive information by bypassing .rooignore rules. This could include secrets, configuration details, or other excluded project data. This is fixed in version 3.26.0. | H50: https://www.cve.org/CVERecord?id=CVE-2025-58373
A51: CA-033 | B51: W3 | C51: Roo Code | D51: agent product | E51: 2025-09-06 | F51: Roo Code: Auto-approve allows npm install execution of malicious postinstall scripts | G51: Roo Code is an AI-powered autonomous coding agent that lives in users' editors. Versions 3.25.23 and below contain a default list of allowed commands that do not need manual approval if auto-approve is enabled, and npm install is included in that list. Because npm install executes lifecycle scripts, if a repository’s package.json file contains a malicious postinstall script, it would be executed automatically without user approval. This means that enabling auto-approved commands and opening a malicious repo could result in arbitrary code execution. This is fixed in version 3.26.0. | H51: https://www.cve.org/CVERecord?id=CVE-2025-58374
A52: CA-034 | B52: W3 | C52: Claude Code | D52: agent product | E52: 2025-09-10 | F52: Claude Code rg vulnerability does not protect against approval prompt bypass | G52: Due to an error in command parsing, it was possible to bypass the Claude Code confirmation prompt to trigger execution of an untrusted command. Reliably exploiting this requires the ability to add untrusted content into a Claude Code context window. Users on standard Claude Code auto-update will have received this fix automatically. Users performing manual updates are advised to update to the latest version. Thank you to the NVIDIA AI Red Team for reporting this issue! | H52: https://github.com/advisories/GHSA-qxfv-fcpc-w36x
A53: CA-036 | B53: W3 | C53: JetBrains AI/Junie | D53: agent product | E53: 2025-09-17 | G53: In JetBrains Junie before 252.284.66, 251.284.66, 243.284.66, 252.284.61, 251.284.61, 243.284.61, 252.284.50, 252.284.54, 251.284.54, 251.284.50, 243.284.54, 243.284.50 code execution was possible due to improper command validation | H53: https://github.com/advisories/GHSA-53j9-8fm4-3gf5
A54: CA-037 | B54: W3 | C54: OpenAI Codex | D54: agent product | E54: 2025-09-19 | F54: Codex has sandbox bypass due to bug in path configuration logic | G54: Due to a bug in the sandbox configuration logic, Codex CLI could treat a model-generated `cwd` as the sandbox’s writable root, including paths outside of the folder where the user started their session. This logic bypassed the intended workspace boundary and enables arbitrary file writes and command execution where the Codex process has permissions - this did not impact the network-disabled sandbox restriction. **Remediation** We released a patch in Codex CLI **0.39.0** that canonicalizes and validates that the boundary used for sandbox policy is based on where the user started the session, and not the one generated by the model. Users running 0.38.0 or earlier should update immediately via their package manager or by reinstalling the latest Codex CLI to ensure sandbox boundaries are enforced. If using the Codex IDE extension, users should immediately update to **0.4.12** for a fix of the sandbox issue. Thank you to Tzanko Matev (Codetracer) for reporting the issue! | H54: https://github.com/advisories/GHSA-w5fx-fh39-j5rw
A55: CA-038 | B55: W3 | C55: Claude Code | D55: agent product | E55: 2025-09-24 | F55: Claude Code Vulnerable to Arbitrary Code Execution via Plugin Autoloading with Specific Yarn Versions | G55: When using Claude Code with Yarn installed, Yarn config files can trigger code execution when running `yarn --version`. This could lead to a bypass of the directory trust dialog in Claude Code, as plugins and `yarnPath` could be executed prior to the user accepting the risks of working in an untrusted directory. Users on standard Claude Code auto-update will have received this fix automatically. Users performing manual updates are advised to update to the latest version. Thank you to Benjamin Faller, Redguard AG and Michael Hess for reporting this issue! | H55: https://github.com/advisories/GHSA-2jjv-qf24-vfm4
A56: CA-039 | B56: W3 | C56: Claude Code | D56: ecosystem | E56: 2025-09-29 | F56: AgentAPI exposed user chat history via a DNS rebinding attack | G56: AgentAPI is an HTTP API for Claude Code, Goose, Aider, Gemini, Amp, and Codex. Versions 0.3.3 and below are susceptible to a client-side DNS rebinding attack when hosted over plain HTTP on localhost. An attacker can gain access to the /messages endpoint served by the Agent API. This allows for the unauthorized exfiltration of sensitive user data, specifically local message history, which can include secret keys, file system contents, and intellectual property the user was working on locally. This issue is fixed in version 0.4.0. | H56: https://www.cve.org/CVERecord?id=CVE-2025-59956
A57: CA-040 | B57: W3 | C57: Claude Code | D57: agent product | E57: 2025-10-03 | F57: Claude Code can execute commands prior to the startup trust dialog | G57: Due to a bug in the startup trust dialog implementation, Claude Code could be tricked to execute code contained in a project before the user accepted the startup trust dialog. Exploiting this requires a user to start Claude Code in an untrusted directory. Users on standard Claude Code auto-update will have received this fix automatically. Users performing manual updates are advised to update to the latest version. Thank you to https://hackerone.com/avivdon for reporting this issue! | H57: https://github.com/advisories/GHSA-4fgq-fpq9-mr3g
A58: CA-041 | B58: W3 | C58: Claude Code | D58: agent product | E58: 2025-10-03 | F58: Claude Code permission deny bypass through symlink | G58: Claude Code failed to account for symlinks when checking permission deny rules. If a user explicitly denied Claude Code access to a file and Claude Code had access to a symlink pointing to that file, it was possible for Claude Code to access the file. Users on standard Claude Code auto-update will have received this fix automatically. Users performing manual updates are advised to update to the latest version. Thank you to https://hackerone.com/vinai for reporting this issue! | H58: https://github.com/advisories/GHSA-66m2-gx93-v996
A59: CA-042 | B59: W3 | C59: Cursor | D59: agent product | E59: 2025-10-03 | F59: Cursor IDE: Sensitive File Overwrite Bypass is Possible | G59: Cursor is a code editor built for programming with AI. Versions 1.6.23 and below contain case-sensitive checks in the way Cursor IDE protects its sensitive files (e.g., */.cursor/mcp.json), which allows attackers to modify the content of these files through prompt injection and achieve remote code execution. A prompt injection can lead to full RCE through modifying sensitive files on case-insensitive fileystems. This issue is fixed in version 1.7. | H59: https://www.cve.org/CVERecord?id=CVE-2025-59944
A60: CA-043 | B60: W3 | C60: Cursor | D60: agent product | E60: 2025-10-03 | F60: Cursor: Potential Information Leakage via Mermaid Diagram | G60: Cursor is a code editor built for programming with AI. In versions 1.6 and below, Mermaid (a to render diagrams) allows embedding images which then get rendered by Cursor in the chat box. An attacker can use this to exfiltrate sensitive information to a third-party attacker controlled server through an image fetch after successfully performing a prompt injection. A malicious model (or hallucination/backdoor) might also trigger this exploit at will. This issue requires prompt injection from malicious data (web, image upload, source code) in order to exploit. In that case, it can send sensitive information to an attacker-controlled external server. Some additional bypasses not covered in the initial fix to this issue were discovered, see GHSA-43wj-mwcc-x93p. This issue is fixed in version 1.7. | H60: https://www.cve.org/CVERecord?id=CVE-2025-61589
A61: CA-044 | B61: W3 | C61: Cursor | D61: agent product | E61: 2025-10-03 | F61: Cursor is vulnerable to RCE via .code-workspace files using Prompt Injection | G61: Cursor is a code editor built for programming with AI. Versions 1.6 and below are vulnerable to Remote Code Execution (RCE) attacks through Visual Studio Code Workspaces. Workspaces allow users to open more than a single folder and save specific settings (pretty similar to .vscode/settings.json) for the folders / project. An untitled workspace is automatically created by VS Code (untitled.code-workspace), which contains all the folders and workspace settings from the user's current session, opening up an entire new attack vector if the user has a .code-workspace file in path (either untitled created automatically or a saved one). If an attacker is able to hijack the chat context of the victim (such as via a compromised MCP server), they can use prompt injection to make the Cursor Agent write into this file and modify the workspace. This leads to a bypass of CVE-2025-54130 which can lead to RCE by writing to the settings section. This issue is fixed in version 1.7. | H61: https://www.cve.org/CVERecord?id=CVE-2025-61590
A62: CA-045 | B62: W3 | C62: Cursor | D62: agent product | E62: 2025-10-03 | F62: Cursor CLI's Cursor Agent MCP OAuth2 Communication is Vulnerable to Remote Code Execution | G62: Cursor is a code editor built for programming with AI. In versions 1.7 and below, when MCP uses OAuth authentication with an untrusted MCP server, an attacker can impersonate a malicious MCP server and return crafted, maliciously injected commands during the interaction process, leading to command injection and potential remote code execution. If chained with an untrusted MCP service via OAuth, this command injection vulnerability could allow arbitrary code execution on the host by the agent. This can then be used to directly compromise the system by executing malicious commands with full user privileges. This issue does not currently have a fixed release version, but there is a patch, 2025.09.17-25b418f. | H62: https://www.cve.org/CVERecord?id=CVE-2025-61591
A63: CA-046 | B63: W3 | C63: Cursor | D63: agent product | E63: 2025-10-03 | F63: Cursor CLI: Arbitrary Code Execution Possible through Permissive CLI Config | G63: Cursor is a code editor built for programming with AI. In versions 1.7 and below, automatic loading of project-specific CLI configuration from the current working directory (<project>/.cursor/cli.json) could override certain global configurations in Cursor CLI. This allowed users running the CLI inside a malicious repository to be vulnerable to Remote Code Execution through a combination of permissive configuration (allowing shell commands) and prompt injection delivered via project-specific Rules (<project>/.cursor/rules/rule.mdc) or other mechanisms. The fix for this issue is currently available as a patch 2025.09.17-25b418f. As of October 3, 2025 there is no release version. | H63: https://www.cve.org/CVERecord?id=CVE-2025-61592
A64: CA-047 | B64: W3 | C64: Cursor | D64: agent product | E64: 2025-10-03 | F64: Cursor CLI Agent: Sensitive File Overwrite Bypass | G64: Cursor is a code editor built for programming with AI. In versions 1.7 and below, a vulnerability in the way Cursor CLI Agent protects its sensitive files (i.e. */.cursor/cli.json) allows attackers to modify the content of the files through prompt injection, thus achieving remote code execution. A prompt injection can lead to full RCE through modifying sensitive files on case-insensitive filesystems. This issue is fixed in a commit, 25b418f, but has yet to be released as of October 3, 2025. | H64: https://www.cve.org/CVERecord?id=CVE-2025-61593
A65: CA-048 | B65: W3 | C65: Kilo Code | D65: agent product | E65: 2025-10-08 | G65: A vulnerability was detected in Kilo Code up to 4.86.0. Affected is the function ClineProvider of the file src/core/webview/ClineProvider.ts of the component Prompt Handler. Performing manipulation results in injection. The attack can be initiated remotely. The exploit is now public and may be used. Applying a patch is the recommended action to fix this issue. | H65: https://github.com/advisories/GHSA-c934-4h55-jp45
A66: CA-049 | B66: W3 | C66: Windsurf/Codeium | D66: agent product | E66: 2025-10-14 | G66: A prompt injection vulnerability exists in Windsurft version 1.10.7 in Write mode using SWE-1 model. It is possible to create a file name that will be appended to the user prompt causing Windsurf to follow its instructions. | H66: https://github.com/advisories/GHSA-6mh4-fc28-667v
A67: CA-050 | B67: W3 | C67: Windsurf/Codeium | D67: agent product | E67: 2025-10-17 | G67: A path traversal vulnerability in all versions of the Windsurf IDE enables a threat actor to read and write arbitrary local files in and outside of current projects on an end user’s system. The vulnerability can be reached directly and through indirect prompt injection. | H67: https://github.com/advisories/GHSA-gxc9-77c7-jmqm
A68: CA-051 | B68: W3 | C68: Cursor | D68: agent product | E68: 2025-11-04 | F68: Cursor: Speedbump Modal Bypass in MCP Server Deep-Link | G68: Cursor is a code editor built for programming with AI. In versions 1.7.28 and below, an input validation flaw in Cursor's MCP server installation enables specially crafted deep-links to bypass the standard security warnings and conceal executed commands from users if they choose to accept the server. If an attacker is able to convince a victim to navigate to a malicious deeplink, the victim will not see the correct speedbump modal, and if they choose to accept, will execute commands specified by the attackers deeplink. | H68: https://www.cve.org/CVERecord?id=CVE-2025-64106
A69: CA-052 | B69: W3 | C69: Cursor | D69: agent product | E69: 2025-11-04 | F69: Cursor is Vulnerable to Path Manipulation Using Backslashes on Windows | G69: Cursor is a code editor built for programming with AI. In versions 1.7.52 and below, manipulating internal settings may lead to RCE. Cursor detects path manipulation via forward slashes (./.cursor/./././././mcp.json etc.), and requires human approval to complete the operation. However, the same kind of manipulation using backslashes was not correctly detected, allowing an attacker who had already achieved prompt injection or some other level of control to overwrite sensitive editor files without approval on Windows machines. This issue is fixed in version 2.0. | H69: https://www.cve.org/CVERecord?id=CVE-2025-64107
A70: CA-053 | B70: W3 | C70: Cursor | D70: agent product | E70: 2025-11-04 | F70: Cursor's Sensitive File Modification can Lead to NTFS Path Quirks | G70: Cursor is a code editor built for programming with AI. In versions 1.7.44 and below, various NTFS path quirks allow a prompt injection attacker to circumvent sensitive file protections and overwrite files which Cursor requires human approval to overwrite. Modification of some of the protected files can lead to RCE. Must be chained with a prompt injection or malicious model attach. Only affects systems supporting NTFS. This issue is fixed in version 2.0. | H70: https://www.cve.org/CVERecord?id=CVE-2025-64108
A71: CA-054 | B71: W3 | C71: Cursor | D71: agent product | E71: 2025-11-04 | F71: Cursor CLI Beta: Command Injection via Untrusted MCP Configuration | G71: Cursor is a code editor built for programming with AI. In versions and below, a vulnerability in the Cursor CLI Beta allowed an attacker to achieve remote code execution through the MCP (Model Context Protocol) server mechanism by uploading a malicious MCP configuration in .cursor/mcp.json file in a GitHub repository. Once a victim clones the project and opens it using Cursor CLI, the command to run the malicious MCP server is immediately executed without any warning, leading to potential code execution as soon as the command runs. This issue is fixed in version 2025.09.17-25b418f. | H71: https://www.cve.org/CVERecord?id=CVE-2025-64109
A72: CA-055 | B72: W3 | C72: Cursor | D72: agent product | E72: 2025-11-04 | F72: Cursor: Authentication Bypass Possible via New Cursorignore Write | G72: Cursor is a code editor built for programming with AI. In versions 1.7.23 and below, a logic bug allows a malicious agent to read sensitive files that should be protected via cursorignore. An attacker who has already achieved prompt injection, or a malicious model, could create a new cursorignore file which can invalidate the configuration of pre-existing ones. This could allow a malicious agent to read protected files. This issue is fixed in version 2.0. | H72: https://www.cve.org/CVERecord?id=CVE-2025-64110
A73: CA-056 | B73: W3 | C73: JetBrains AI/Junie | D73: agent product | E73: 2025-11-10 | G73: In JetBrains YouTrack before 2025.3.104432 missing VCS URL validation allowed delegation to unauthorized repositories from the Junie widget | H73: https://github.com/advisories/GHSA-rh45-2vq5-cmf2
A74: CA-057 | B74: W3 | C74: JetBrains AI/Junie | D74: agent product | E74: 2025-11-10 | G74: In JetBrains YouTrack before 2025.3.104432 misconfiguration in the Junie could lead to exposure of the global Junie token | H74: https://github.com/advisories/GHSA-vmgw-8w5q-v9v9
A75: CA-058 | B75: W3 | C75: JetBrains AI/Junie | D75: agent product | E75: 2025-11-10 | G75: In JetBrains YouTrack before 2025.3.104432 insecure Junie configuration could lead to data exposure and unauthorized changes | H75: https://github.com/advisories/GHSA-wj8x-23v3-hggr
A76: CA-059 | B76: W3 | C76: GitHub Copilot | D76: agent product | E76: 2025-11-11 | G76: Improper neutralization of special elements used in a command ('command injection') in Visual Studio Code CoPilot Chat Extension allows an unauthorized attacker to execute code over a network. | H76: https://github.com/advisories/GHSA-hcvg-jrfj-vhqx
A77: CA-060 | B77: W3 | C77: GitHub Copilot | D77: agent product | E77: 2025-11-11 | G77: Improper limitation of a pathname to a restricted directory ('path traversal') in Visual Studio Code CoPilot Chat Extension allows an authorized attacker to bypass a security feature locally. | H77: https://github.com/advisories/GHSA-mc3j-5pr5-wj7r
A78: CA-061 | B78: W3 | C78: GitHub Copilot | D78: agent product | E78: 2025-11-11 | G78: Improper validation of generative ai output in GitHub Copilot and Visual Studio Code allows an authorized attacker to bypass a security feature locally. | H78: https://github.com/advisories/GHSA-6cp5-fpm8-87vg
A79: CA-062 | B79: W3 | C79: Claude Code | D79: agent product | E79: 2025-11-19 | F79: Claude Code vulnerable to command execution prior to startup trust dialog | G79: When using Claude Code with Yarn installed, Yarn config files can trigger code execution when running yarn --version. This could lead to a bypass of the directory trust dialog in Claude Code, as plugins and yarnPath could be executed prior to the user accepting the risks of working in an untrusted directory. Users on standard Claude Code auto-update will have received this fix automatically. Users performing manual updates are advised to update to the latest version. Thank you to Benjamin Faller, Redguard AG and Michael Hess for reporting this issue! | H79: https://github.com/advisories/GHSA-5hhx-v7f6-x7gv
A80: CA-063 | B80: W3 | C80: Claude Code | D80: agent product | E80: 2025-11-20 | F80: @anthropic-ai/claude-code has Sed Command Validation Bypass that Allows Arbitrary File Writes | G80: Due to an error in sed command parsing, it was possible to bypass the Claude Code read-only validation and write to arbitrary files on the host system. Users on standard Claude Code auto-update will have received this fix automatically. Users performing manual updates are advised to update to the latest version. Thank you to Adam Chester - SpecterOps for reporting this issue! | H80: https://github.com/advisories/GHSA-7mv8-j34q-vp7q
A81: CA-064 | B81: W3 | C81: GitHub Copilot | D81: agent product | E81: 2025-11-21 | G81: Improper access control in GitHub Copilot and Visual Studio Code allows an authorized attacker to bypass a security feature over a network. | H81: https://github.com/advisories/GHSA-j8xq-6qq7-vfv7
A82: CA-065 | B82: W3 | C82: Roo Code | D82: agent product | E82: 2025-11-21 | F82: Roo Code is Vulnerable to Potential Remote Code Execution via zsh Command Validation Bug | G82: Roo Code is an AI-powered autonomous coding agent that lives in users' editors. Prior to version 3.26.7, Due to an error in validation it was possible for Roo to automatically execute commands that did not match the allow list prefixes. This issue has been patched in version 3.26.7. | H82: https://www.cve.org/CVERecord?id=CVE-2025-65946
A83: CA-066 | B83: W3 | C83: Cursor | D83: agent product | E83: 2025-11-26 | G83: Improper neutralization of special elements used in an OS command ('command injection') in Cursor allows an unauthorized attacker to execute commands that are outside of those specified in the allowlist, resulting in arbitrary code execution. | H83: https://github.com/advisories/GHSA-fjwj-7prc-9qgm
A84: CA-067 | B84: W3 | C84: Claude Code | D84: agent product | E84: 2025-12-03 | F84: Claude Code Command Validation Bypass Allows Arbitrary Code Execution | G84: Due to errors in parsing shell commands related to $IFS and short CLI flags, it was possible to bypass the Claude Code read-only validation and trigger arbitrary code execution. Reliably exploiting this requires the ability to add untrusted content into a Claude Code context window. Users on standard Claude Code auto-update have received this fix already. Users performing manual updates are advised to update to the latest version. Thank you to [RyotaK](hxxps://ryotak.net) from [GMO Flatt Security Inc.](hxxps://flatt.tech/en/) for reporting this issue! | H84: https://github.com/advisories/GHSA-xq4m-mc3c-vvg3
A85: CA-068 | B85: W3 | C85: GitHub Copilot | D85: agent product | E85: 2025-12-09 | F85: GitHub Copilot for Jetbrains Remote Code Execution Vulnerability | G85: Improper neutralization of special elements used in a command ('command injection') in Copilot allows an unauthorized attacker to execute code locally. | H85: https://www.cve.org/CVERecord?id=CVE-2025-64671
A86: CA-069 | B86: W3 | C86: Kiro | D86: agent product | E86: 2026-01-09 | G86: Processing specially crafted workspace folder names could allow for arbitrary command injection in the Kiro GitLab Merge-Request helper in Kiro IDE before version 0.6.18 when opening maliciously crafted workspaces. To mitigate, users should update to version 0.6.18. | H86: https://github.com/advisories/GHSA-7xjv-wf6r-872r
A87: CA-070 | B87: W3 | C87: OpenCode | D87: agent product | E87: 2026-01-13 | F87: OpenCode's Unauthenticated HTTP Server Allows Arbitrary Command Execution | G87: *Previously reported via email to support@sst.dev on 2025-11-17 per the security policy in [opencode-sdk-js/SECURITY.md](https://github.com/sst/opencode-sdk-js/blob/main/SECURITY.md). No response received.* ### Summary OpenCode automatically starts an unauthenticated HTTP server that allows any local process—or any website via permissive CORS—to execute arbitrary shell commands with the user's privileges. ### Details When OpenCode starts, it spawns an HTTP server (default port 4096+) with no authentication. Critical endpoints exposed: - `POST /session/:id/shell` - Execute shell commands (`server.ts:1401`) - `POST /pty` - Create interactive terminal sessions (`server.ts:267`) - `GET /file/content?path=` - Read arbitrary files (`server.ts:1868`) The server is started automatically in `cli/cmd/tui/worker.ts:36` via `Server.listen()`. No authentication middleware exists in `server/server.ts`. The server uses permissive CORS (`.use(cors())` with default `Access-Control-Allow-Origin: *`), enabling browser-based exploitation. ### PoC **Local exploitation:** ```bash API="http://127.0.0.1:4096" # update with actual port SESSION_ID=$(curl -s -X POST "$API/session" -H "Content-Type: application/json" -d '{}' | jq -r '.id') curl -s -X POST "$API/session/$SESSION_ID/shell" -H "Content-Type: application/json" \ -d '{"agent": "build", "command": "echo PWNED > /tmp/pwned.txt"}' cat /tmp/pwned.txt # outputs: PWNED ``` **Browser-based exploitation:** A malicious website can exploit visitors who have OpenCode running. Confirmed working in Firefox. PoC available upon request. ```javascript // Malicious website JavaScript fetch('http://127.0.0.1:4096/session', { method: 'POST', headers: {'Content-Type': 'application/json'}, body: '{}' }) .then(r => r.json()) .then(session => { fetch(`http://127.0.0.1:4096/session/${session.id}/shell`, { method: 'POST', headers: {'Content-Type': 'application/json'}, body: JSON.stringify({agent: 'build', command: 'id > /tmp/pwned.txt'}) }); }); ``` Note: Chrome 142+ may prompt for Local Network Access permission. Firefox does not. ### Impact **Remote Code Execution** via two vectors: 1. **Local process**: Any malicious npm package, script, or compromised application can execute commands as the user running OpenCode. 2. **Browser-based (confirmed in Firefox)**: Any website can execute commands on visitors who have OpenCode running. This enables drive-by attacks via malicious ads, compromised websites, or phishing pages. With `--mdns` flag, the server binds to `0.0.0.0` and advertises via Bonjour, extending the attack surface to the entire local network. *Code analysis, CVSS scoring, and documentation assisted by Claude AI (Opus 4.5). Vulnerability verification and PoC testing performed by the reporter.* | H87: https://github.com/advisories/GHSA-vxw4-wv6m-9hhh
A88: CA-071 | B88: W3 | C88: OpenCode | D88: agent product | E88: 2026-01-13 | F88: Malicious website can execute commands on the local system through XSS in the OpenCode web UI | G88: ### Summary A malicious website can abuse the server URL override feature of the OpenCode web UI to achieve cross-site scripting on `http://localhost:4096`. From there, it is possible to run arbitrary commands on the local system using the `/pty/` endpoints provided by the OpenCode API. ### Code execution via OpenCode API - The OpenCode API has `/pty/` endpoints that allow spawning arbitrary processes on the local machine. - When you run `opencode` in your terminal, OpenCode automatically starts an HTTP server on `localhost:4096` that exposes the API along with a web interface. - JavaScript can make arbitrary same-origin `fetch()` requests to the `/pty/` API endpoints. Therefore, JavaScript execution on `http://localhost:4096` gets you code execution on local the machine. ### JavaScript execution on localhost:4096 The markdown renderer used for LLM responses will insert arbitrary HTML into the DOM. There is no sanitization with DOMPurify or even a CSP on the web interface to prevent JavaScript execution via HTML injection. This means controlling the LLM response for a chat session gets you JavaScript execution on the `http://localhost:4096` origin. This alone would not be enough for a 1-click exploit, but there's functionality in `packages/app/src/app.tsx` to allow specifying a custom server URL in a `?url=...` parameter: ```javascript // packages/app/src/app.tsx const defaultServerUrl = iife(() => { const param = new URLSearchParams(document.location.search).get("url") if (param) return param // [truncated] return window.location.origin }) ``` Using this custom server URL functionality, you can make the web UI connect to and load chat sessions from an OpenCode instance on another URL. For example, tricking a user into opening http://localhost:4096/Lw/session/ses_45d2d9723ffeHN2DLrTYMz4mHn?url=https://opencode.attacker.example in their browser would load and display `ses_45d2d9723ffeHN2DLrTYMz4mHn` from the attacker-controlled server at https://opencode.attacker.example. ### Note on exploitability Because the localhost web UI proxies static resources from a remote location, the OpenCode team was able to prevent exploitation of this issue by making a server-side change to no longer respect the `?url=` parameter. This means the specific vulnerability used to achieve XSS on the localhost web UI no longer works as of `Fri, 09 Jan 2026 21:36:31 GMT`. Users are still strongly encouraged to upgrade to version 1.1.10 or later, as this disables the web UI/OpenCode API to reduce the attack surface of the application. Any future XSS vulnerabilities in the web UI would still impact users on OpenCode versions before 1.10.0. ### Proof of Concept A simple way to serve a malicious chat session is by setting up mitmproxy in front of a real OpenCode instance. This is necessary because the OpenCode web UI must load a bunch of resources before it loads and displays the chat session. 1. Spawn an OpenCode instance in a Docker container ` | H88: https://github.com/advisories/GHSA-c83v-7274-4vgp
A89: CA-072 | B89: W3 | C89: Cursor | D89: agent product | E89: 2026-01-14 | F89: Cursor has a Terminal Tool Allowlist Bypass via Environment Variables | G89: Cursor is a code editor built for programming with AI. Prior to 2.3, hen the Cursor Agent is running in Auto-Run Mode with Allowlist mode enabled, certain shell built-ins can still be executed without appearing in the allowlist and without requiring user approval. This allows an attacker via indirect or direct prompt injection to poison the shell environment by setting, modifying, or removing environment variables that influence trusted commands. This vulnerability is fixed in 2.3. | H89: https://www.cve.org/CVERecord?id=CVE-2026-22708
A90: CA-073 | B90: W4 | C90: Claude Code | D90: agent product | E90: 2026-01-21 | F90: Claude Code Leaks Data via Malicious Environment Configuration Before Trust Confirmation | G90: A vulnerability in Claude Code's project-load flow allowed malicious repositories to exfiltrate data including Anthropic API keys before users confirmed trust. If a user started Claude Code in an attacker-controller repository, and the repository included a settings file that set ANTHROPIC_BASE_URL to an attacker-controlled endpoint, Claude Code would issue API requests before showing the trust prompt, including potentially leaking the user's API keys. Users on standard Claude Code auto-update have received this fix already. Users performing manual updates are advised to update to the latest version. | H90: https://github.com/advisories/GHSA-jh7p-qr78-84p7
A91: CA-074 | B91: W4 | C91: Claude Code | D91: agent product | E91: 2026-02-03 | F91: Claude Code has a Domain Validation Bypass which Allows Automatic Requests to Attacker-Controlled Domains | G91: Claude Code contained insufficient URL validation in its trusted domain verification mechanism for WebFetch requests. The application used a `startsWith()` function to validate trusted domains (e.g., `docs.python.org`, `modelcontextprotocol.io`), this could have enabled attackers to register domains like `modelcontextprotocol.io.example.com` that would pass validation. This could enable automatic requests to attacker-controlled domains without user consent, potentially leading to data exfiltration. Users on standard Claude Code auto-update have received this fix already. Users performing manual updates are advised to update to the latest version. Thank you to hackerone.com/47sid-praetorian for reporting this issue! | H91: https://github.com/advisories/GHSA-vhw5-3g5m-8ggf
A92: CA-075 | B92: W4 | C92: Claude Code | D92: agent product | E92: 2026-02-03 | F92: Claude Code has a Path Restriction Bypass via ZSH Clobber which Allows Arbitrary File Writes | G92: Due to a Bash command validation flaw in parsing ZSH clobber syntax, it was possible to bypass directory restrictions and write files outside the current working directory without user permission prompts. Exploiting this required the user to use ZSH and the ability to add untrusted content into a Claude Code context window. Users on standard Claude Code auto-update have received this fix already. Users performing manual updates are advised to update to the latest version. Claude Code thanks https://hackerone.com/alexbernier for reporting this issue! | H92: https://github.com/advisories/GHSA-q728-gf8j-w49r
A93: CA-076 | B93: W4 | C93: Claude Code | D93: agent product | E93: 2026-02-03 | F93: Claude Code has a Command Injection in find Command Bypasses User Approval Prompt | G93: Due to an error in command parsing, it was possible to bypass the Claude Code confirmation prompt to trigger execution of untrusted commands through the find command. Reliably exploiting this required the ability to add untrusted content into a Claude Code context window. Users on standard Claude Code auto-update have received this fix already. Users performing manual updates are advised to update to the latest version. Claude Code thanks https://hackerone.com/alexbernier for reporting this issue! | H93: https://github.com/advisories/GHSA-qgqw-h4xq-7w8w
A94: CA-077 | B94: W4 | C94: Claude Code | D94: agent product | E94: 2026-02-06 | F94: Claude Code Vulnerable to Command Injection via Directory Change Bypasses Write Protection | G94: Claude Code failed to properly validate directory changes when combined with write operations to protected folders. By using the `cd` command to navigate into sensitive directories like `.claude`, it was possible to bypass write protection and create or modify files without user confirmation. Reliably exploiting this required the ability to add untrusted content into a Claude Code context window. Users on standard Claude Code auto-update received this fix automatically. Users performing manual updates are advised to update to the latest version. About Claude Code thanks hackerone.com/nil221 for reporting this issue! | H94: https://github.com/advisories/GHSA-66q4-vfjg-2qhh
A95: CA-078 | B95: W4 | C95: Claude Code | D95: agent product | E95: 2026-02-06 | F95: Claude Code Vulnerable to Command Injection via Piped sed Command Bypasses File Write Restrictions | G95: Claude Code failed to properly validate commands using piped sed operations with the echo command, allowing attackers to bypass file write restrictions. This vulnerability enabled writing to sensitive directories like the .claude folder and paths outside the project scope. Exploiting this required the ability to execute commands through Claude Code with the "accept edits" feature enabled. Users on standard Claude Code auto-update received this fix automatically. Users performing manual updates are advised to update to the latest version. Claude Code thanks hackerone.com/nil221 for reporting this issue! | H95: https://github.com/advisories/GHSA-mhg7-666j-cqg4
A96: CA-079 | B96: W4 | C96: Claude Code | D96: agent product | E96: 2026-02-06 | F96: Claude Code has Permission Deny Bypass Through Symbolic Links | G96: Claude Code failed to strictly enforce deny rules configured in settings.json when accessing files through symbolic links. If a user explicitly denied Claude Code access to a file (such as /etc/passwd) and Claude Code had access to a symbolic link pointing to that file, it was possible for Claude Code to read the restricted file through the symlink without triggering deny rule enforcement. Users on standard Claude Code auto-update received this fix automatically. Users performing manual updates are advised to update to the latest version. Claude Code thanks https://hackerone.com/ofirh for reporting this issue. | H96: https://github.com/advisories/GHSA-4q92-rfm6-2cqx
A97: CA-080 | B97: W4 | C97: Claude Code | D97: agent product | E97: 2026-02-06 | F97: Claude Code has Sandbox Escape via Persistent Configuration Injection in settings.json | G97: Claude Code's bubblewrap sandboxing mechanism failed to properly protect the .claude/settings.json configuration file when it did not exist at startup. While the parent directory was mounted as writable and .claude/settings.local.json was explicitly protected with read-only constraints, settings.json was not protected if it was missing. This allowed malicious code running inside the sandbox to create this file and inject persistent hooks (such as SessionStart commands) that would execute with host privileges when Claude Code was restarted. Users on standard Claude Code auto-update received this fix automatically. Users performing manual updates are advised to update to the latest version. Claude Code thanks hackerone.com/edbr for reporting this issue! | H97: https://github.com/advisories/GHSA-ff64-7w26-62rf
A98: CA-081 | B98: W4 | C98: GitHub Copilot | D98: agent product | E98: 2026-02-10 | G98: Improper neutralization of special elements used in a command ('command injection') in GitHub Copilot and Visual Studio allows an unauthorized attacker to execute code over a network. | H98: https://github.com/advisories/GHSA-wr95-24gv-jx75
A99: CA-082 | B99: W4 | C99: GitHub Copilot | D99: agent product | E99: 2026-02-10 | G99: Improper neutralization of special elements used in a command ('command injection') in GitHub Copilot and Visual Studio allows an authorized attacker to elevate privileges over a network. | H99: https://github.com/advisories/GHSA-g435-352v-fpxp
A100: CA-083 | B100: W4 | C100: GitHub Copilot | D100: agent product | E100: 2026-02-10 | G100: Improper neutralization of special elements used in a command ('command injection') in Github Copilot allows an unauthorized attacker to execute code over a network. | H100: https://github.com/advisories/GHSA-mjvv-wfm9-3vm3
A101: CA-084 | B101: W4 | C101: GitHub Copilot | D101: agent product | E101: 2026-02-10 | F101: GitHub Copilot and Visual Studio Code Security Feature Bypass Vulnerability | G101: Improper neutralization of special elements used in a command ('command injection') in GitHub Copilot and Visual Studio Code allows an unauthorized attacker to bypass a security feature over a network. | H101: https://www.cve.org/CVERecord?id=CVE-2026-21518
...

Sheet Coder1
A1: case_id | B1: batch | C1: product | D1: title | E1: d1 | F1: d2 | G1: d3 | H1: d4 | I1: d5 | J1: d6 | K1: d7 | L1: d8 | M1: primary_domain | N1: c01 | O1: c02 | P1: c03 | Q1: c04 | R1: c05 | S1: c06 | T1: c07 | U1: c08 | V1: c09 | W1: c10 | X1: c11 | Y1: c12 | Z1: c13 | AA1: c14 | AB1: c15 | AC1: c16 | AD1: c17 | AE1: c18 | AF1: c19 | AG1: c20 | AH1: covered | AI1: n_domains | AJ1: n_applicable | AK1: n_breached | AL1: gcs | AM1: check | AN1: done | AO1: notes
A2: =Cases!A2 | B2: =Cases!B2 | C2: =Cases!C2 | D2: =IF(Cases!F2="",LEFT(Cases!G2,120),Cases!F2) | AI2: =IF(COUNT(E2:L2)=0,"",SUM(E2:L2)) | AJ2: =IF(AI2="","",N(E2)*3+N(F2)*2+N(G2)*2+N(H2)*2+N(I2)*2+N(J2)*3+N(K2)*3+N(L2)*3) | AK2: =IF(AI2="","",COUNTIF(N2:AG2,1)) | AL2: =IF(OR(AJ2="",AJ2=0),"",ROUND(100*(AJ2-AK2)/AJ2,1)) | AM2: =IF(AI2="","",IF(AI2=0,"No domain coded 1; ","")&IF(M2="","Primary domain missing; ",IF(IFERROR(INDEX(E2:L2,1,M2),0)<>1,"Primary domain not coded 1; ",""))&IF(COUNT(N2:AG2)<>AJ2,"Code 1 or 0 for exactly the controls of domains coded 1 (NA for the rest); ","")&IF(AH2="","Covered missing; ","")) | AN2: =IF(AND(AI2<>"",AM2=""),1,0)
A3: =Cases!A3 | B3: =Cases!B3 | C3: =Cases!C3 | D3: =IF(Cases!F3="",LEFT(Cases!G3,120),Cases!F3) | AI3: =IF(COUNT(E3:L3)=0,"",SUM(E3:L3)) | AJ3: =IF(AI3="","",N(E3)*3+N(F3)*2+N(G3)*2+N(H3)*2+N(I3)*2+N(J3)*3+N(K3)*3+N(L3)*3) | AK3: =IF(AI3="","",COUNTIF(N3:AG3,1)) | AL3: =IF(OR(AJ3="",AJ3=0),"",ROUND(100*(AJ3-AK3)/AJ3,1)) | AM3: =IF(AI3="","",IF(AI3=0,"No domain coded 1; ","")&IF(M3="","Primary domain missing; ",IF(IFERROR(INDEX(E3:L3,1,M3),0)<>1,"Primary domain not coded 1; ",""))&IF(COUNT(N3:AG3)<>AJ3,"Code 1 or 0 for exactly the controls of domains coded 1 (NA for the rest); ","")&IF(AH3="","Covered missing; ","")) | AN3: =IF(AND(AI3<>"",AM3=""),1,0)
A4: =Cases!A4 | B4: =Cases!B4 | C4: =Cases!C4 | D4: =IF(Cases!F4="",LEFT(Cases!G4,120),Cases!F4) | AI4: =IF(COUNT(E4:L4)=0,"",SUM(E4:L4)) | AJ4: =IF(AI4="","",N(E4)*3+N(F4)*2+N(G4)*2+N(H4)*2+N(I4)*2+N(J4)*3+N(K4)*3+N(L4)*3) | AK4: =IF(AI4="","",COUNTIF(N4:AG4,1)) | AL4: =IF(OR(AJ4="",AJ4=0),"",ROUND(100*(AJ4-AK4)/AJ4,1)) | AM4: =IF(AI4="","",IF(AI4=0,"No domain coded 1; ","")&IF(M4="","Primary domain missing; ",IF(IFERROR(INDEX(E4:L4,1,M4),0)<>1,"Primary domain not coded 1; ",""))&IF(COUNT(N4:AG4)<>AJ4,"Code 1 or 0 for exactly the controls of domains coded 1 (NA for the rest); ","")&IF(AH4="","Covered missing; ","")) | AN4: =IF(AND(AI4<>"",AM4=""),1,0)
A5: =Cases!A5 | B5: =Cases!B5 | C5: =Cases!C5 | D5: =IF(Cases!F5="",LEFT(Cases!G5,120),Cases!F5) | AI5: =IF(COUNT(E5:L5)=0,"",SUM(E5:L5)) | AJ5: =IF(AI5="","",N(E5)*3+N(F5)*2+N(G5)*2+N(H5)*2+N(I5)*2+N(J5)*3+N(K5)*3+N(L5)*3) | AK5: =IF(AI5="","",COUNTIF(N5:AG5,1)) | AL5: =IF(OR(AJ5="",AJ5=0),"",ROUND(100*(AJ5-AK5)/AJ5,1)) | AM5: =IF(AI5="","",IF(AI5=0,"No domain coded 1; ","")&IF(M5="","Primary domain missing; ",IF(IFERROR(INDEX(E5:L5,1,M5),0)<>1,"Primary domain not coded 1; ",""))&IF(COUNT(N5:AG5)<>AJ5,"Code 1 or 0 for exactly the controls of domains coded 1 (NA for the rest); ","")&IF(AH5="","Covered missing; ","")) | AN5: =IF(AND(AI5<>"",AM5=""),1,0)
A6: =Cases!A6 | B6: =Cases!B6 | C6: =Cases!C6 | D6: =IF(Cases!F6="",LEFT(Cases!G6,120),Cases!F6) | AI6: =IF(COUNT(E6:L6)=0,"",SUM(E6:L6)) | AJ6: =IF(AI6="","",N(E6)*3+N(F6)*2+N(G6)*2+N(H6)*2+N(I6)*2+N(J6)*3+N(K6)*3+N(L6)*3) | AK6: =IF(AI6="","",COUNTIF(N6:AG6,1)) | AL6: =IF(OR(AJ6="",AJ6=0),"",ROUND(100*(AJ6-AK6)/AJ6,1)) | AM6: =IF(AI6="","",IF(AI6=0,"No domain coded 1; ","")&IF(M6="","Primary domain missing; ",IF(IFERROR(INDEX(E6:L6,1,M6),0)<>1,"Primary domain not coded 1; ",""))&IF(COUNT(N6:AG6)<>AJ6,"Code 1 or 0 for exactly the controls of domains coded 1 (NA for the rest); ","")&IF(AH6="","Covered missing; ","")) | AN6: =IF(AND(AI6<>"",AM6=""),1,0)
A7: =Cases!A7 | B7: =Cases!B7 | C7: =Cases!C7 | D7: =IF(Cases!F7="",LEFT(Cases!G7,120),Cases!F7) | AI7: =IF(COUNT(E7:L7)=0,"",SUM(E7:L7)) | AJ7: =IF(AI7="","",N(E7)*3+N(F7)*2+N(G7)*2+N(H7)*2+N(I7)*2+N(J7)*3+N(K7)*3+N(L7)*3) | AK7: =IF(AI7="","",COUNTIF(N7:AG7,1)) | AL7: =IF(OR(AJ7="",AJ7=0),"",ROUND(100*(AJ7-AK7)/AJ7,1)) | AM7: =IF(AI7="","",IF(AI7=0,"No domain coded 1; ","")&IF(M7="","Primary domain missing; ",IF(IFERROR(INDEX(E7:L7,1,M7),0)<>1,"Primary domain not coded 1; ",""))&IF(COUNT(N7:AG7)<>AJ7,"Code 1 or 0 for exactly the controls of domains coded 1 (NA for the rest); ","")&IF(AH7="","Covered missing; ","")) | AN7: =IF(AND(AI7<>"",AM7=""),1,0)
A8: =Cases!A8 | B8: =Cases!B8 | C8: =Cases!C8 | D8: =IF(Cases!F8="",LEFT(Cases!G8,120),Cases!F8) | AI8: =IF(COUNT(E8:L8)=0,"",SUM(E8:L8)) | AJ8: =IF(AI8="","",N(E8)*3+N(F8)*2+N(G8)*2+N(H8)*2+N(I8)*2+N(J8)*3+N(K8)*3+N(L8)*3) | AK8: =IF(AI8="","",COUNTIF(N8:AG8,1)) | AL8: =IF(OR(AJ8="",AJ8=0),"",ROUND(100*(AJ8-AK8)/AJ8,1)) | AM8: =IF(AI8="","",IF(AI8=0,"No domain coded 1; ","")&IF(M8="","Primary domain missing; ",IF(IFERROR(INDEX(E8:L8,1,M8),0)<>1,"Primary domain not coded 1; ",""))&IF(COUNT(N8:AG8)<>AJ8,"Code 1 or 0 for exactly the controls of domains coded 1 (NA for the rest); ","")&IF(AH8="","Covered missing; ","")) | AN8: =IF(AND(AI8<>"",AM8=""),1,0)
A9: =Cases!A9 | B9: =Cases!B9 | C9: =Cases!C9 | D9: =IF(Cases!F9="",LEFT(Cases!G9,120),Cases!F9) | AI9: =IF(COUNT(E9:L9)=0,"",SUM(E9:L9)) | AJ9: =IF(AI9="","",N(E9)*3+N(F9)*2+N(G9)*2+N(H9)*2+N(I9)*2+N(J9)*3+N(K9)*3+N(L9)*3) | AK9: =IF(AI9="","",COUNTIF(N9:AG9,1)) | AL9: =IF(OR(AJ9="",AJ9=0),"",ROUND(100*(AJ9-AK9)/AJ9,1)) | AM9: =IF(AI9="","",IF(AI9=0,"No domain coded 1; ","")&IF(M9="","Primary domain missing; ",IF(IFERROR(INDEX(E9:L9,1,M9),0)<>1,"Primary domain not coded 1; ",""))&IF(COUNT(N9:AG9)<>AJ9,"Code 1 or 0 for exactly the controls of domains coded 1 (NA for the rest); ","")&IF(AH9="","Covered missing; ","")) | AN9: =IF(AND(AI9<>"",AM9=""),1,0)
A10: =Cases!A10 | B10: =Cases!B10 | C10: =Cases!C10 | D10: =IF(Cases!F10="",LEFT(Cases!G10,120),Cases!F10) | AI10: =IF(COUNT(E10:L10)=0,"",SUM(E10:L10)) | AJ10: =IF(AI10="","",N(E10)*3+N(F10)*2+N(G10)*2+N(H10)*2+N(I10)*2+N(J10)*3+N(K10)*3+N(L10)*3) | AK10: =IF(AI10="","",COUNTIF(N10:AG10,1)) | AL10: =IF(OR(AJ10="",AJ10=0),"",ROUND(100*(AJ10-AK10)/AJ10,1)) | AM10: =IF(AI10="","",IF(AI10=0,"No domain coded 1; ","")&IF(M10="","Primary domain missing; ",IF(IFERROR(INDEX(E10:L10,1,M10),0)<>1,"Primary domain not coded 1; ",""))&IF(COUNT(N10:AG10)<>AJ10,"Code 1 or 0 for exactly the controls of domains coded 1 (NA for the rest); ","")&IF(AH10="","Covered missing; ","")) | AN10: =IF(AND(AI10<>"",AM10=""),1,0)
A11: =Cases!A11 | B11: =Cases!B11 | C11: =Cases!C11 | D11: =IF(Cases!F11="",LEFT(Cases!G11,120),Cases!F11) | AI11: =IF(COUNT(E11:L11)=0,"",SUM(E11:L11)) | AJ11: =IF(AI11="","",N(E11)*3+N(F11)*2+N(G11)*2+N(H11)*2+N(I11)*2+N(J11)*3+N(K11)*3+N(L11)*3) | AK11: =IF(AI11="","",COUNTIF(N11:AG11,1)) | AL11: =IF(OR(AJ11="",AJ11=0),"",ROUND(100*(AJ11-AK11)/AJ11,1)) | AM11: =IF(AI11="","",IF(AI11=0,"No domain coded 1; ","")&IF(M11="","Primary domain missing; ",IF(IFERROR(INDEX(E11:L11,1,M11),0)<>1,"Primary domain not coded 1; ",""))&IF(COUNT(N11:AG11)<>AJ11,"Code 1 or 0 for exactly the controls of domains coded 1 (NA for the rest); ","")&IF(AH11="","Covered missing; ","")) | AN11: =IF(AND(AI11<>"",AM11=""),1,0)
A12: =Cases!A12 | B12: =Cases!B12 | C12: =Cases!C12 | D12: =IF(Cases!F12="",LEFT(Cases!G12,120),Cases!F12) | AI12: =IF(COUNT(E12:L12)=0,"",SUM(E12:L12)) | AJ12: =IF(AI12="","",N(E12)*3+N(F12)*2+N(G12)*2+N(H12)*2+N(I12)*2+N(J12)*3+N(K12)*3+N(L12)*3) | AK12: =IF(AI12="","",COUNTIF(N12:AG12,1)) | AL12: =IF(OR(AJ12="",AJ12=0),"",ROUND(100*(AJ12-AK12)/AJ12,1)) | AM12: =IF(AI12="","",IF(AI12=0,"No domain coded 1; ","")&IF(M12="","Primary domain missing; ",IF(IFERROR(INDEX(E12:L12,1,M12),0)<>1,"Primary domain not coded 1; ",""))&IF(COUNT(N12:AG12)<>AJ12,"Code 1 or 0 for exactly the controls of domains coded 1 (NA for the rest); ","")&IF(AH12="","Covered missing; ","")) | AN12: =IF(AND(AI12<>"",AM12=""),1,0)
A13: =Cases!A13 | B13: =Cases!B13 | C13: =Cases!C13 | D13: =IF(Cases!F13="",LEFT(Cases!G13,120),Cases!F13) | AI13: =IF(COUNT(E13:L13)=0,"",SUM(E13:L13)) | AJ13: =IF(AI13="","",N(E13)*3+N(F13)*2+N(G13)*2+N(H13)*2+N(I13)*2+N(J13)*3+N(K13)*3+N(L13)*3) | AK13: =IF(AI13="","",COUNTIF(N13:AG13,1)) | AL13: =IF(OR(AJ13="",AJ13=0),"",ROUND(100*(AJ13-AK13)/AJ13,1)) | AM13: =IF(AI13="","",IF(AI13=0,"No domain coded 1; ","")&IF(M13="","Primary domain missing; ",IF(IFERROR(INDEX(E13:L13,1,M13),0)<>1,"Primary domain not coded 1; ",""))&IF(COUNT(N13:AG13)<>AJ13,"Code 1 or 0 for exactly the controls of domains coded 1 (NA for the rest); ","")&IF(AH13="","Covered missing; ","")) | AN13: =IF(AND(AI13<>"",AM13=""),1,0)
... A224: =Cases!A224 | B224: =Cases!B224 | C224: =Cases!C224 | D224: =IF(Cases!F224="",LEFT(Cases!G224,120),Cases!F224) | AI224: =IF(COUNT(E224:L224)=0,"",SUM(E224:L224)) | AJ224: =IF(AI224="","",N(E224)*3+N(F224)*2+N(G224)*2+N(H224)*2+N(I224)*2+N(J224)*3+N(K224)*3+N(L224)*3) | AK224: =IF(AI224="","",COUNTIF(N224:AG224,1)) | AL224: =IF(OR(AJ224="",AJ224=0),"",ROUND(100*(AJ224-AK224)/AJ224,1)) | AM224: =IF(AI224="","",IF(AI224=0,"No domain coded 1; ","")&IF(M224="","Primary domain missing; ",IF(IFERROR(INDEX(E224:L224,1,M224),0)<>1,"Primary domain not coded 1; ",""))&IF(COUNT(N224:AG224)<>AJ224,"Code 1 or 0 for exactly the controls of domains coded 1 (NA for the rest); ","")&IF(AH224="","Covered missing; ","")) | AN224: =IF(AND(AI224<>"",AM224=""),1,0)

Sheet Coder2
A1: case_id | B1: batch | C1: product | D1: title | E1: d1 | F1: d2 | G1: d3 | H1: d4 | I1: d5 | J1: d6 | K1: d7 | L1: d8 | M1: primary_domain | N1: c01 | O1: c02 | P1: c03 | Q1: c04 | R1: c05 | S1: c06 | T1: c07 | U1: c08 | V1: c09 | W1: c10 | X1: c11 | Y1: c12 | Z1: c13 | AA1: c14 | AB1: c15 | AC1: c16 | AD1: c17 | AE1: c18 | AF1: c19 | AG1: c20 | AH1: covered | AI1: n_domains | AJ1: n_applicable | AK1: n_breached | AL1: gcs | AM1: check | AN1: done | AO1: notes
A2: =Cases!A2 | B2: =Cases!B2 | C2: =Cases!C2 | D2: =IF(Cases!F2="",LEFT(Cases!G2,120),Cases!F2) | AI2: =IF(COUNT(E2:L2)=0,"",SUM(E2:L2)) | AJ2: =IF(AI2="","",N(E2)*3+N(F2)*2+N(G2)*2+N(H2)*2+N(I2)*2+N(J2)*3+N(K2)*3+N(L2)*3) | AK2: =IF(AI2="","",COUNTIF(N2:AG2,1)) | AL2: =IF(OR(AJ2="",AJ2=0),"",ROUND(100*(AJ2-AK2)/AJ2,1)) | AM2: =IF(AI2="","",IF(AI2=0,"No domain coded 1; ","")&IF(M2="","Primary domain missing; ",IF(IFERROR(INDEX(E2:L2,1,M2),0)<>1,"Primary domain not coded 1; ",""))&IF(COUNT(N2:AG2)<>AJ2,"Code 1 or 0 for exactly the controls of domains coded 1 (NA for the rest); ","")&IF(AH2="","Covered missing; ","")) | AN2: =IF(AND(AI2<>"",AM2=""),1,0)
A3: =Cases!A3 | B3: =Cases!B3 | C3: =Cases!C3 | D3: =IF(Cases!F3="",LEFT(Cases!G3,120),Cases!F3) | AI3: =IF(COUNT(E3:L3)=0,"",SUM(E3:L3)) | AJ3: =IF(AI3="","",N(E3)*3+N(F3)*2+N(G3)*2+N(H3)*2+N(I3)*2+N(J3)*3+N(K3)*3+N(L3)*3) | AK3: =IF(AI3="","",COUNTIF(N3:AG3,1)) | AL3: =IF(OR(AJ3="",AJ3=0),"",ROUND(100*(AJ3-AK3)/AJ3,1)) | AM3: =IF(AI3="","",IF(AI3=0,"No domain coded 1; ","")&IF(M3="","Primary domain missing; ",IF(IFERROR(INDEX(E3:L3,1,M3),0)<>1,"Primary domain not coded 1; ",""))&IF(COUNT(N3:AG3)<>AJ3,"Code 1 or 0 for exactly the controls of domains coded 1 (NA for the rest); ","")&IF(AH3="","Covered missing; ","")) | AN3: =IF(AND(AI3<>"",AM3=""),1,0)
A4: =Cases!A4 | B4: =Cases!B4 | C4: =Cases!C4 | D4: =IF(Cases!F4="",LEFT(Cases!G4,120),Cases!F4) | AI4: =IF(COUNT(E4:L4)=0,"",SUM(E4:L4)) | AJ4: =IF(AI4="","",N(E4)*3+N(F4)*2+N(G4)*2+N(H4)*2+N(I4)*2+N(J4)*3+N(K4)*3+N(L4)*3) | AK4: =IF(AI4="","",COUNTIF(N4:AG4,1)) | AL4: =IF(OR(AJ4="",AJ4=0),"",ROUND(100*(AJ4-AK4)/AJ4,1)) | AM4: =IF(AI4="","",IF(AI4=0,"No domain coded 1; ","")&IF(M4="","Primary domain missing; ",IF(IFERROR(INDEX(E4:L4,1,M4),0)<>1,"Primary domain not coded 1; ",""))&IF(COUNT(N4:AG4)<>AJ4,"Code 1 or 0 for exactly the controls of domains coded 1 (NA for the rest); ","")&IF(AH4="","Covered missing; ","")) | AN4: =IF(AND(AI4<>"",AM4=""),1,0)
A5: =Cases!A5 | B5: =Cases!B5 | C5: =Cases!C5 | D5: =IF(Cases!F5="",LEFT(Cases!G5,120),Cases!F5) | AI5: =IF(COUNT(E5:L5)=0,"",SUM(E5:L5)) | AJ5: =IF(AI5="","",N(E5)*3+N(F5)*2+N(G5)*2+N(H5)*2+N(I5)*2+N(J5)*3+N(K5)*3+N(L5)*3) | AK5: =IF(AI5="","",COUNTIF(N5:AG5,1)) | AL5: =IF(OR(AJ5="",AJ5=0),"",ROUND(100*(AJ5-AK5)/AJ5,1)) | AM5: =IF(AI5="","",IF(AI5=0,"No domain coded 1; ","")&IF(M5="","Primary domain missing; ",IF(IFERROR(INDEX(E5:L5,1,M5),0)<>1,"Primary domain not coded 1; ",""))&IF(COUNT(N5:AG5)<>AJ5,"Code 1 or 0 for exactly the controls of domains coded 1 (NA for the rest); ","")&IF(AH5="","Covered missing; ","")) | AN5: =IF(AND(AI5<>"",AM5=""),1,0)
A6: =Cases!A6 | B6: =Cases!B6 | C6: =Cases!C6 | D6: =IF(Cases!F6="",LEFT(Cases!G6,120),Cases!F6) | AI6: =IF(COUNT(E6:L6)=0,"",SUM(E6:L6)) | AJ6: =IF(AI6="","",N(E6)*3+N(F6)*2+N(G6)*2+N(H6)*2+N(I6)*2+N(J6)*3+N(K6)*3+N(L6)*3) | AK6: =IF(AI6="","",COUNTIF(N6:AG6,1)) | AL6: =IF(OR(AJ6="",AJ6=0),"",ROUND(100*(AJ6-AK6)/AJ6,1)) | AM6: =IF(AI6="","",IF(AI6=0,"No domain coded 1; ","")&IF(M6="","Primary domain missing; ",IF(IFERROR(INDEX(E6:L6,1,M6),0)<>1,"Primary domain not coded 1; ",""))&IF(COUNT(N6:AG6)<>AJ6,"Code 1 or 0 for exactly the controls of domains coded 1 (NA for the rest); ","")&IF(AH6="","Covered missing; ","")) | AN6: =IF(AND(AI6<>"",AM6=""),1,0)
A7: =Cases!A7 | B7: =Cases!B7 | C7: =Cases!C7 | D7: =IF(Cases!F7="",LEFT(Cases!G7,120),Cases!F7) | AI7: =IF(COUNT(E7:L7)=0,"",SUM(E7:L7)) | AJ7: =IF(AI7="","",N(E7)*3+N(F7)*2+N(G7)*2+N(H7)*2+N(I7)*2+N(J7)*3+N(K7)*3+N(L7)*3) | AK7: =IF(AI7="","",COUNTIF(N7:AG7,1)) | AL7: =IF(OR(AJ7="",AJ7=0),"",ROUND(100*(AJ7-AK7)/AJ7,1)) | AM7: =IF(AI7="","",IF(AI7=0,"No domain coded 1; ","")&IF(M7="","Primary domain missing; ",IF(IFERROR(INDEX(E7:L7,1,M7),0)<>1,"Primary domain not coded 1; ",""))&IF(COUNT(N7:AG7)<>AJ7,"Code 1 or 0 for exactly the controls of domains coded 1 (NA for the rest); ","")&IF(AH7="","Covered missing; ","")) | AN7: =IF(AND(AI7<>"",AM7=""),1,0)
A8: =Cases!A8 | B8: =Cases!B8 | C8: =Cases!C8 | D8: =IF(Cases!F8="",LEFT(Cases!G8,120),Cases!F8) | AI8: =IF(COUNT(E8:L8)=0,"",SUM(E8:L8)) | AJ8: =IF(AI8="","",N(E8)*3+N(F8)*2+N(G8)*2+N(H8)*2+N(I8)*2+N(J8)*3+N(K8)*3+N(L8)*3) | AK8: =IF(AI8="","",COUNTIF(N8:AG8,1)) | AL8: =IF(OR(AJ8="",AJ8=0),"",ROUND(100*(AJ8-AK8)/AJ8,1)) | AM8: =IF(AI8="","",IF(AI8=0,"No domain coded 1; ","")&IF(M8="","Primary domain missing; ",IF(IFERROR(INDEX(E8:L8,1,M8),0)<>1,"Primary domain not coded 1; ",""))&IF(COUNT(N8:AG8)<>AJ8,"Code 1 or 0 for exactly the controls of domains coded 1 (NA for the rest); ","")&IF(AH8="","Covered missing; ","")) | AN8: =IF(AND(AI8<>"",AM8=""),1,0)
A9: =Cases!A9 | B9: =Cases!B9 | C9: =Cases!C9 | D9: =IF(Cases!F9="",LEFT(Cases!G9,120),Cases!F9) | AI9: =IF(COUNT(E9:L9)=0,"",SUM(E9:L9)) | AJ9: =IF(AI9="","",N(E9)*3+N(F9)*2+N(G9)*2+N(H9)*2+N(I9)*2+N(J9)*3+N(K9)*3+N(L9)*3) | AK9: =IF(AI9="","",COUNTIF(N9:AG9,1)) | AL9: =IF(OR(AJ9="",AJ9=0),"",ROUND(100*(AJ9-AK9)/AJ9,1)) | AM9: =IF(AI9="","",IF(AI9=0,"No domain coded 1; ","")&IF(M9="","Primary domain missing; ",IF(IFERROR(INDEX(E9:L9,1,M9),0)<>1,"Primary domain not coded 1; ",""))&IF(COUNT(N9:AG9)<>AJ9,"Code 1 or 0 for exactly the controls of domains coded 1 (NA for the rest); ","")&IF(AH9="","Covered missing; ","")) | AN9: =IF(AND(AI9<>"",AM9=""),1,0)
A10: =Cases!A10 | B10: =Cases!B10 | C10: =Cases!C10 | D10: =IF(Cases!F10="",LEFT(Cases!G10,120),Cases!F10) | AI10: =IF(COUNT(E10:L10)=0,"",SUM(E10:L10)) | AJ10: =IF(AI10="","",N(E10)*3+N(F10)*2+N(G10)*2+N(H10)*2+N(I10)*2+N(J10)*3+N(K10)*3+N(L10)*3) | AK10: =IF(AI10="","",COUNTIF(N10:AG10,1)) | AL10: =IF(OR(AJ10="",AJ10=0),"",ROUND(100*(AJ10-AK10)/AJ10,1)) | AM10: =IF(AI10="","",IF(AI10=0,"No domain coded 1; ","")&IF(M10="","Primary domain missing; ",IF(IFERROR(INDEX(E10:L10,1,M10),0)<>1,"Primary domain not coded 1; ",""))&IF(COUNT(N10:AG10)<>AJ10,"Code 1 or 0 for exactly the controls of domains coded 1 (NA for the rest); ","")&IF(AH10="","Covered missing; ","")) | AN10: =IF(AND(AI10<>"",AM10=""),1,0)
A11: =Cases!A11 | B11: =Cases!B11 | C11: =Cases!C11 | D11: =IF(Cases!F11="",LEFT(Cases!G11,120),Cases!F11) | AI11: =IF(COUNT(E11:L11)=0,"",SUM(E11:L11)) | AJ11: =IF(AI11="","",N(E11)*3+N(F11)*2+N(G11)*2+N(H11)*2+N(I11)*2+N(J11)*3+N(K11)*3+N(L11)*3) | AK11: =IF(AI11="","",COUNTIF(N11:AG11,1)) | AL11: =IF(OR(AJ11="",AJ11=0),"",ROUND(100*(AJ11-AK11)/AJ11,1)) | AM11: =IF(AI11="","",IF(AI11=0,"No domain coded 1; ","")&IF(M11="","Primary domain missing; ",IF(IFERROR(INDEX(E11:L11,1,M11),0)<>1,"Primary domain not coded 1; ",""))&IF(COUNT(N11:AG11)<>AJ11,"Code 1 or 0 for exactly the controls of domains coded 1 (NA for the rest); ","")&IF(AH11="","Covered missing; ","")) | AN11: =IF(AND(AI11<>"",AM11=""),1,0)
A12: =Cases!A12 | B12: =Cases!B12 | C12: =Cases!C12 | D12: =IF(Cases!F12="",LEFT(Cases!G12,120),Cases!F12) | AI12: =IF(COUNT(E12:L12)=0,"",SUM(E12:L12)) | AJ12: =IF(AI12="","",N(E12)*3+N(F12)*2+N(G12)*2+N(H12)*2+N(I12)*2+N(J12)*3+N(K12)*3+N(L12)*3) | AK12: =IF(AI12="","",COUNTIF(N12:AG12,1)) | AL12: =IF(OR(AJ12="",AJ12=0),"",ROUND(100*(AJ12-AK12)/AJ12,1)) | AM12: =IF(AI12="","",IF(AI12=0,"No domain coded 1; ","")&IF(M12="","Primary domain missing; ",IF(IFERROR(INDEX(E12:L12,1,M12),0)<>1,"Primary domain not coded 1; ",""))&IF(COUNT(N12:AG12)<>AJ12,"Code 1 or 0 for exactly the controls of domains coded 1 (NA for the rest); ","")&IF(AH12="","Covered missing; ","")) | AN12: =IF(AND(AI12<>"",AM12=""),1,0)
A13: =Cases!A13 | B13: =Cases!B13 | C13: =Cases!C13 | D13: =IF(Cases!F13="",LEFT(Cases!G13,120),Cases!F13) | AI13: =IF(COUNT(E13:L13)=0,"",SUM(E13:L13)) | AJ13: =IF(AI13="","",N(E13)*3+N(F13)*2+N(G13)*2+N(H13)*2+N(I13)*2+N(J13)*3+N(K13)*3+N(L13)*3) | AK13: =IF(AI13="","",COUNTIF(N13:AG13,1)) | AL13: =IF(OR(AJ13="",AJ13=0),"",ROUND(100*(AJ13-AK13)/AJ13,1)) | AM13: =IF(AI13="","",IF(AI13=0,"No domain coded 1; ","")&IF(M13="","Primary domain missing; ",IF(IFERROR(INDEX(E13:L13,1,M13),0)<>1,"Primary domain not coded 1; ",""))&IF(COUNT(N13:AG13)<>AJ13,"Code 1 or 0 for exactly the controls of domains coded 1 (NA for the rest); ","")&IF(AH13="","Covered missing; ","")) | AN13: =IF(AND(AI13<>"",AM13=""),1,0)
... A224: =Cases!A224 | B224: =Cases!B224 | C224: =Cases!C224 | D224: =IF(Cases!F224="",LEFT(Cases!G224,120),Cases!F224) | AI224: =IF(COUNT(E224:L224)=0,"",SUM(E224:L224)) | AJ224: =IF(AI224="","",N(E224)*3+N(F224)*2+N(G224)*2+N(H224)*2+N(I224)*2+N(J224)*3+N(K224)*3+N(L224)*3) | AK224: =IF(AI224="","",COUNTIF(N224:AG224,1)) | AL224: =IF(OR(AJ224="",AJ224=0),"",ROUND(100*(AJ224-AK224)/AJ224,1)) | AM224: =IF(AI224="","",IF(AI224=0,"No domain coded 1; ","")&IF(M224="","Primary domain missing; ",IF(IFERROR(INDEX(E224:L224,1,M224),0)<>1,"Primary domain not coded 1; ",""))&IF(COUNT(N224:AG224)<>AJ224,"Code 1 or 0 for exactly the controls of domains coded 1 (NA for the rest); ","")&IF(AH224="","Covered missing; ","")) | AN224: =IF(AND(AI224<>"",AM224=""),1,0)

Sheet Gold
A1: case_id | B1: batch | C1: product | D1: title | E1: d1 | F1: d2 | G1: d3 | H1: d4 | I1: d5 | J1: d6 | K1: d7 | L1: d8 | M1: primary_domain | N1: c01 | O1: c02 | P1: c03 | Q1: c04 | R1: c05 | S1: c06 | T1: c07 | U1: c08 | V1: c09 | W1: c10 | X1: c11 | Y1: c12 | Z1: c13 | AA1: c14 | AB1: c15 | AC1: c16 | AD1: c17 | AE1: c18 | AF1: c19 | AG1: c20 | AH1: covered | AI1: n_domains | AJ1: n_applicable | AK1: n_breached | AL1: gcs | AM1: check | AN1: agree_all | AO1: notes
A2: =Coder1!A2 | B2: =Coder1!B2 | C2: =Coder1!C2 | D2: =Coder1!D2 | E2: =IF(AND(Coder1!E2&""<>"",Coder1!E2&""=Coder2!E2&""),Coder1!E2,"") | F2: =IF(AND(Coder1!F2&""<>"",Coder1!F2&""=Coder2!F2&""),Coder1!F2,"") | G2: =IF(AND(Coder1!G2&""<>"",Coder1!G2&""=Coder2!G2&""),Coder1!G2,"") | H2: =IF(AND(Coder1!H2&""<>"",Coder1!H2&""=Coder2!H2&""),Coder1!H2,"") | I2: =IF(AND(Coder1!I2&""<>"",Coder1!I2&""=Coder2!I2&""),Coder1!I2,"") | J2: =IF(AND(Coder1!J2&""<>"",Coder1!J2&""=Coder2!J2&""),Coder1!J2,"") | K2: =IF(AND(Coder1!K2&""<>"",Coder1!K2&""=Coder2!K2&""),Coder1!K2,"") | L2: =IF(AND(Coder1!L2&""<>"",Coder1!L2&""=Coder2!L2&""),Coder1!L2,"") | ... AH2: =IF(AND(Coder1!AH2&""<>"",Coder1!AH2&""=Coder2!AH2&""),Coder1!AH2,"") | AI2: =IF(COUNT(E2:L2)=0,"",SUM(E2:L2)) | AJ2: =IF(AI2="","",N(E2)*3+N(F2)*2+N(G2)*2+N(H2)*2+N(I2)*2+N(J2)*3+N(K2)*3+N(L2)*3) | AK2: =IF(AI2="","",COUNTIF(N2:AG2,1)) | AL2: =IF(OR(AJ2="",AJ2=0),"",ROUND(100*(AJ2-AK2)/AJ2,1)) | AM2: =IF(AND(Coder1!AN2=1,Coder2!AN2=1),IF(COUNTBLANK(E2:AH2)>0,"Adjudicate blank cells",""),"Waiting for both coders") | AN2: =IF(AND(Coder1!AN2=1,Coder2!AN2=1),IF(SUMPRODUCT(--(Coder1!E2:AH2&""<>Coder2!E2:AH2&""))=0,1,0),"")
A3: =Coder1!A3 | B3: =Coder1!B3 | C3: =Coder1!C3 | D3: =Coder1!D3 | E3: =IF(AND(Coder1!E3&""<>"",Coder1!E3&""=Coder2!E3&""),Coder1!E3,"") | F3: =IF(AND(Coder1!F3&""<>"",Coder1!F3&""=Coder2!F3&""),Coder1!F3,"") | G3: =IF(AND(Coder1!G3&""<>"",Coder1!G3&""=Coder2!G3&""),Coder1!G3,"") | H3: =IF(AND(Coder1!H3&""<>"",Coder1!H3&""=Coder2!H3&""),Coder1!H3,"") | I3: =IF(AND(Coder1!I3&""<>"",Coder1!I3&""=Coder2!I3&""),Coder1!I3,"") | J3: =IF(AND(Coder1!J3&""<>"",Coder1!J3&""=Coder2!J3&""),Coder1!J3,"") | K3: =IF(AND(Coder1!K3&""<>"",Coder1!K3&""=Coder2!K3&""),Coder1!K3,"") | L3: =IF(AND(Coder1!L3&""<>"",Coder1!L3&""=Coder2!L3&""),Coder1!L3,"") | ... AH3: =IF(AND(Coder1!AH3&""<>"",Coder1!AH3&""=Coder2!AH3&""),Coder1!AH3,"") | AI3: =IF(COUNT(E3:L3)=0,"",SUM(E3:L3)) | AJ3: =IF(AI3="","",N(E3)*3+N(F3)*2+N(G3)*2+N(H3)*2+N(I3)*2+N(J3)*3+N(K3)*3+N(L3)*3) | AK3: =IF(AI3="","",COUNTIF(N3:AG3,1)) | AL3: =IF(OR(AJ3="",AJ3=0),"",ROUND(100*(AJ3-AK3)/AJ3,1)) | AM3: =IF(AND(Coder1!AN3=1,Coder2!AN3=1),IF(COUNTBLANK(E3:AH3)>0,"Adjudicate blank cells",""),"Waiting for both coders") | AN3: =IF(AND(Coder1!AN3=1,Coder2!AN3=1),IF(SUMPRODUCT(--(Coder1!E3:AH3&""<>Coder2!E3:AH3&""))=0,1,0),"")
A4: =Coder1!A4 | B4: =Coder1!B4 | C4: =Coder1!C4 | D4: =Coder1!D4 | E4: =IF(AND(Coder1!E4&""<>"",Coder1!E4&""=Coder2!E4&""),Coder1!E4,"") | F4: =IF(AND(Coder1!F4&""<>"",Coder1!F4&""=Coder2!F4&""),Coder1!F4,"") | G4: =IF(AND(Coder1!G4&""<>"",Coder1!G4&""=Coder2!G4&""),Coder1!G4,"") | H4: =IF(AND(Coder1!H4&""<>"",Coder1!H4&""=Coder2!H4&""),Coder1!H4,"") | I4: =IF(AND(Coder1!I4&""<>"",Coder1!I4&""=Coder2!I4&""),Coder1!I4,"") | J4: =IF(AND(Coder1!J4&""<>"",Coder1!J4&""=Coder2!J4&""),Coder1!J4,"") | K4: =IF(AND(Coder1!K4&""<>"",Coder1!K4&""=Coder2!K4&""),Coder1!K4,"") | L4: =IF(AND(Coder1!L4&""<>"",Coder1!L4&""=Coder2!L4&""),Coder1!L4,"") | ... AH4: =IF(AND(Coder1!AH4&""<>"",Coder1!AH4&""=Coder2!AH4&""),Coder1!AH4,"") | AI4: =IF(COUNT(E4:L4)=0,"",SUM(E4:L4)) | AJ4: =IF(AI4="","",N(E4)*3+N(F4)*2+N(G4)*2+N(H4)*2+N(I4)*2+N(J4)*3+N(K4)*3+N(L4)*3) | AK4: =IF(AI4="","",COUNTIF(N4:AG4,1)) | AL4: =IF(OR(AJ4="",AJ4=0),"",ROUND(100*(AJ4-AK4)/AJ4,1)) | AM4: =IF(AND(Coder1!AN4=1,Coder2!AN4=1),IF(COUNTBLANK(E4:AH4)>0,"Adjudicate blank cells",""),"Waiting for both coders") | AN4: =IF(AND(Coder1!AN4=1,Coder2!AN4=1),IF(SUMPRODUCT(--(Coder1!E4:AH4&""<>Coder2!E4:AH4&""))=0,1,0),"")
A5: =Coder1!A5 | B5: =Coder1!B5 | C5: =Coder1!C5 | D5: =Coder1!D5 | E5: =IF(AND(Coder1!E5&""<>"",Coder1!E5&""=Coder2!E5&""),Coder1!E5,"") | F5: =IF(AND(Coder1!F5&""<>"",Coder1!F5&""=Coder2!F5&""),Coder1!F5,"") | G5: =IF(AND(Coder1!G5&""<>"",Coder1!G5&""=Coder2!G5&""),Coder1!G5,"") | H5: =IF(AND(Coder1!H5&""<>"",Coder1!H5&""=Coder2!H5&""),Coder1!H5,"") | I5: =IF(AND(Coder1!I5&""<>"",Coder1!I5&""=Coder2!I5&""),Coder1!I5,"") | J5: =IF(AND(Coder1!J5&""<>"",Coder1!J5&""=Coder2!J5&""),Coder1!J5,"") | K5: =IF(AND(Coder1!K5&""<>"",Coder1!K5&""=Coder2!K5&""),Coder1!K5,"") | L5: =IF(AND(Coder1!L5&""<>"",Coder1!L5&""=Coder2!L5&""),Coder1!L5,"") | ... AH5: =IF(AND(Coder1!AH5&""<>"",Coder1!AH5&""=Coder2!AH5&""),Coder1!AH5,"") | AI5: =IF(COUNT(E5:L5)=0,"",SUM(E5:L5)) | AJ5: =IF(AI5="","",N(E5)*3+N(F5)*2+N(G5)*2+N(H5)*2+N(I5)*2+N(J5)*3+N(K5)*3+N(L5)*3) | AK5: =IF(AI5="","",COUNTIF(N5:AG5,1)) | AL5: =IF(OR(AJ5="",AJ5=0),"",ROUND(100*(AJ5-AK5)/AJ5,1)) | AM5: =IF(AND(Coder1!AN5=1,Coder2!AN5=1),IF(COUNTBLANK(E5:AH5)>0,"Adjudicate blank cells",""),"Waiting for both coders") | AN5: =IF(AND(Coder1!AN5=1,Coder2!AN5=1),IF(SUMPRODUCT(--(Coder1!E5:AH5&""<>Coder2!E5:AH5&""))=0,1,0),"")
A6: =Coder1!A6 | B6: =Coder1!B6 | C6: =Coder1!C6 | D6: =Coder1!D6 | E6: =IF(AND(Coder1!E6&""<>"",Coder1!E6&""=Coder2!E6&""),Coder1!E6,"") | F6: =IF(AND(Coder1!F6&""<>"",Coder1!F6&""=Coder2!F6&""),Coder1!F6,"") | G6: =IF(AND(Coder1!G6&""<>"",Coder1!G6&""=Coder2!G6&""),Coder1!G6,"") | H6: =IF(AND(Coder1!H6&""<>"",Coder1!H6&""=Coder2!H6&""),Coder1!H6,"") | I6: =IF(AND(Coder1!I6&""<>"",Coder1!I6&""=Coder2!I6&""),Coder1!I6,"") | J6: =IF(AND(Coder1!J6&""<>"",Coder1!J6&""=Coder2!J6&""),Coder1!J6,"") | K6: =IF(AND(Coder1!K6&""<>"",Coder1!K6&""=Coder2!K6&""),Coder1!K6,"") | L6: =IF(AND(Coder1!L6&""<>"",Coder1!L6&""=Coder2!L6&""),Coder1!L6,"") | ... AH6: =IF(AND(Coder1!AH6&""<>"",Coder1!AH6&""=Coder2!AH6&""),Coder1!AH6,"") | AI6: =IF(COUNT(E6:L6)=0,"",SUM(E6:L6)) | AJ6: =IF(AI6="","",N(E6)*3+N(F6)*2+N(G6)*2+N(H6)*2+N(I6)*2+N(J6)*3+N(K6)*3+N(L6)*3) | AK6: =IF(AI6="","",COUNTIF(N6:AG6,1)) | AL6: =IF(OR(AJ6="",AJ6=0),"",ROUND(100*(AJ6-AK6)/AJ6,1)) | AM6: =IF(AND(Coder1!AN6=1,Coder2!AN6=1),IF(COUNTBLANK(E6:AH6)>0,"Adjudicate blank cells",""),"Waiting for both coders") | AN6: =IF(AND(Coder1!AN6=1,Coder2!AN6=1),IF(SUMPRODUCT(--(Coder1!E6:AH6&""<>Coder2!E6:AH6&""))=0,1,0),"")
A7: =Coder1!A7 | B7: =Coder1!B7 | C7: =Coder1!C7 | D7: =Coder1!D7 | E7: =IF(AND(Coder1!E7&""<>"",Coder1!E7&""=Coder2!E7&""),Coder1!E7,"") | F7: =IF(AND(Coder1!F7&""<>"",Coder1!F7&""=Coder2!F7&""),Coder1!F7,"") | G7: =IF(AND(Coder1!G7&""<>"",Coder1!G7&""=Coder2!G7&""),Coder1!G7,"") | H7: =IF(AND(Coder1!H7&""<>"",Coder1!H7&""=Coder2!H7&""),Coder1!H7,"") | I7: =IF(AND(Coder1!I7&""<>"",Coder1!I7&""=Coder2!I7&""),Coder1!I7,"") | J7: =IF(AND(Coder1!J7&""<>"",Coder1!J7&""=Coder2!J7&""),Coder1!J7,"") | K7: =IF(AND(Coder1!K7&""<>"",Coder1!K7&""=Coder2!K7&""),Coder1!K7,"") | L7: =IF(AND(Coder1!L7&""<>"",Coder1!L7&""=Coder2!L7&""),Coder1!L7,"") | ... AH7: =IF(AND(Coder1!AH7&""<>"",Coder1!AH7&""=Coder2!AH7&""),Coder1!AH7,"") | AI7: =IF(COUNT(E7:L7)=0,"",SUM(E7:L7)) | AJ7: =IF(AI7="","",N(E7)*3+N(F7)*2+N(G7)*2+N(H7)*2+N(I7)*2+N(J7)*3+N(K7)*3+N(L7)*3) | AK7: =IF(AI7="","",COUNTIF(N7:AG7,1)) | AL7: =IF(OR(AJ7="",AJ7=0),"",ROUND(100*(AJ7-AK7)/AJ7,1)) | AM7: =IF(AND(Coder1!AN7=1,Coder2!AN7=1),IF(COUNTBLANK(E7:AH7)>0,"Adjudicate blank cells",""),"Waiting for both coders") | AN7: =IF(AND(Coder1!AN7=1,Coder2!AN7=1),IF(SUMPRODUCT(--(Coder1!E7:AH7&""<>Coder2!E7:AH7&""))=0,1,0),"")
A8: =Coder1!A8 | B8: =Coder1!B8 | C8: =Coder1!C8 | D8: =Coder1!D8 | E8: =IF(AND(Coder1!E8&""<>"",Coder1!E8&""=Coder2!E8&""),Coder1!E8,"") | F8: =IF(AND(Coder1!F8&""<>"",Coder1!F8&""=Coder2!F8&""),Coder1!F8,"") | G8: =IF(AND(Coder1!G8&""<>"",Coder1!G8&""=Coder2!G8&""),Coder1!G8,"") | H8: =IF(AND(Coder1!H8&""<>"",Coder1!H8&""=Coder2!H8&""),Coder1!H8,"") | I8: =IF(AND(Coder1!I8&""<>"",Coder1!I8&""=Coder2!I8&""),Coder1!I8,"") | J8: =IF(AND(Coder1!J8&""<>"",Coder1!J8&""=Coder2!J8&""),Coder1!J8,"") | K8: =IF(AND(Coder1!K8&""<>"",Coder1!K8&""=Coder2!K8&""),Coder1!K8,"") | L8: =IF(AND(Coder1!L8&""<>"",Coder1!L8&""=Coder2!L8&""),Coder1!L8,"") | ... AH8: =IF(AND(Coder1!AH8&""<>"",Coder1!AH8&""=Coder2!AH8&""),Coder1!AH8,"") | AI8: =IF(COUNT(E8:L8)=0,"",SUM(E8:L8)) | AJ8: =IF(AI8="","",N(E8)*3+N(F8)*2+N(G8)*2+N(H8)*2+N(I8)*2+N(J8)*3+N(K8)*3+N(L8)*3) | AK8: =IF(AI8="","",COUNTIF(N8:AG8,1)) | AL8: =IF(OR(AJ8="",AJ8=0),"",ROUND(100*(AJ8-AK8)/AJ8,1)) | AM8: =IF(AND(Coder1!AN8=1,Coder2!AN8=1),IF(COUNTBLANK(E8:AH8)>0,"Adjudicate blank cells",""),"Waiting for both coders") | AN8: =IF(AND(Coder1!AN8=1,Coder2!AN8=1),IF(SUMPRODUCT(--(Coder1!E8:AH8&""<>Coder2!E8:AH8&""))=0,1,0),"")
A9: =Coder1!A9 | B9: =Coder1!B9 | C9: =Coder1!C9 | D9: =Coder1!D9 | E9: =IF(AND(Coder1!E9&""<>"",Coder1!E9&""=Coder2!E9&""),Coder1!E9,"") | F9: =IF(AND(Coder1!F9&""<>"",Coder1!F9&""=Coder2!F9&""),Coder1!F9,"") | G9: =IF(AND(Coder1!G9&""<>"",Coder1!G9&""=Coder2!G9&""),Coder1!G9,"") | H9: =IF(AND(Coder1!H9&""<>"",Coder1!H9&""=Coder2!H9&""),Coder1!H9,"") | I9: =IF(AND(Coder1!I9&""<>"",Coder1!I9&""=Coder2!I9&""),Coder1!I9,"") | J9: =IF(AND(Coder1!J9&""<>"",Coder1!J9&""=Coder2!J9&""),Coder1!J9,"") | K9: =IF(AND(Coder1!K9&""<>"",Coder1!K9&""=Coder2!K9&""),Coder1!K9,"") | L9: =IF(AND(Coder1!L9&""<>"",Coder1!L9&""=Coder2!L9&""),Coder1!L9,"") | ... AH9: =IF(AND(Coder1!AH9&""<>"",Coder1!AH9&""=Coder2!AH9&""),Coder1!AH9,"") | AI9: =IF(COUNT(E9:L9)=0,"",SUM(E9:L9)) | AJ9: =IF(AI9="","",N(E9)*3+N(F9)*2+N(G9)*2+N(H9)*2+N(I9)*2+N(J9)*3+N(K9)*3+N(L9)*3) | AK9: =IF(AI9="","",COUNTIF(N9:AG9,1)) | AL9: =IF(OR(AJ9="",AJ9=0),"",ROUND(100*(AJ9-AK9)/AJ9,1)) | AM9: =IF(AND(Coder1!AN9=1,Coder2!AN9=1),IF(COUNTBLANK(E9:AH9)>0,"Adjudicate blank cells",""),"Waiting for both coders") | AN9: =IF(AND(Coder1!AN9=1,Coder2!AN9=1),IF(SUMPRODUCT(--(Coder1!E9:AH9&""<>Coder2!E9:AH9&""))=0,1,0),"")
A10: =Coder1!A10 | B10: =Coder1!B10 | C10: =Coder1!C10 | D10: =Coder1!D10 | E10: =IF(AND(Coder1!E10&""<>"",Coder1!E10&""=Coder2!E10&""),Coder1!E10,"") | F10: =IF(AND(Coder1!F10&""<>"",Coder1!F10&""=Coder2!F10&""),Coder1!F10,"") | G10: =IF(AND(Coder1!G10&""<>"",Coder1!G10&""=Coder2!G10&""),Coder1!G10,"") | H10: =IF(AND(Coder1!H10&""<>"",Coder1!H10&""=Coder2!H10&""),Coder1!H10,"") | I10: =IF(AND(Coder1!I10&""<>"",Coder1!I10&""=Coder2!I10&""),Coder1!I10,"") | J10: =IF(AND(Coder1!J10&""<>"",Coder1!J10&""=Coder2!J10&""),Coder1!J10,"") | K10: =IF(AND(Coder1!K10&""<>"",Coder1!K10&""=Coder2!K10&""),Coder1!K10,"") | L10: =IF(AND(Coder1!L10&""<>"",Coder1!L10&""=Coder2!L10&""),Coder1!L10,"") | ... AH10: =IF(AND(Coder1!AH10&""<>"",Coder1!AH10&""=Coder2!AH10&""),Coder1!AH10,"") | AI10: =IF(COUNT(E10:L10)=0,"",SUM(E10:L10)) | AJ10: =IF(AI10="","",N(E10)*3+N(F10)*2+N(G10)*2+N(H10)*2+N(I10)*2+N(J10)*3+N(K10)*3+N(L10)*3) | AK10: =IF(AI10="","",COUNTIF(N10:AG10,1)) | AL10: =IF(OR(AJ10="",AJ10=0),"",ROUND(100*(AJ10-AK10)/AJ10,1)) | AM10: =IF(AND(Coder1!AN10=1,Coder2!AN10=1),IF(COUNTBLANK(E10:AH10)>0,"Adjudicate blank cells",""),"Waiting for both coders") | AN10: =IF(AND(Coder1!AN10=1,Coder2!AN10=1),IF(SUMPRODUCT(--(Coder1!E10:AH10&""<>Coder2!E10:AH10&""))=0,1,0),"")
A11: =Coder1!A11 | B11: =Coder1!B11 | C11: =Coder1!C11 | D11: =Coder1!D11 | E11: =IF(AND(Coder1!E11&""<>"",Coder1!E11&""=Coder2!E11&""),Coder1!E11,"") | F11: =IF(AND(Coder1!F11&""<>"",Coder1!F11&""=Coder2!F11&""),Coder1!F11,"") | G11: =IF(AND(Coder1!G11&""<>"",Coder1!G11&""=Coder2!G11&""),Coder1!G11,"") | H11: =IF(AND(Coder1!H11&""<>"",Coder1!H11&""=Coder2!H11&""),Coder1!H11,"") | I11: =IF(AND(Coder1!I11&""<>"",Coder1!I11&""=Coder2!I11&""),Coder1!I11,"") | J11: =IF(AND(Coder1!J11&""<>"",Coder1!J11&""=Coder2!J11&""),Coder1!J11,"") | K11: =IF(AND(Coder1!K11&""<>"",Coder1!K11&""=Coder2!K11&""),Coder1!K11,"") | L11: =IF(AND(Coder1!L11&""<>"",Coder1!L11&""=Coder2!L11&""),Coder1!L11,"") | ... AH11: =IF(AND(Coder1!AH11&""<>"",Coder1!AH11&""=Coder2!AH11&""),Coder1!AH11,"") | AI11: =IF(COUNT(E11:L11)=0,"",SUM(E11:L11)) | AJ11: =IF(AI11="","",N(E11)*3+N(F11)*2+N(G11)*2+N(H11)*2+N(I11)*2+N(J11)*3+N(K11)*3+N(L11)*3) | AK11: =IF(AI11="","",COUNTIF(N11:AG11,1)) | AL11: =IF(OR(AJ11="",AJ11=0),"",ROUND(100*(AJ11-AK11)/AJ11,1)) | AM11: =IF(AND(Coder1!AN11=1,Coder2!AN11=1),IF(COUNTBLANK(E11:AH11)>0,"Adjudicate blank cells",""),"Waiting for both coders") | AN11: =IF(AND(Coder1!AN11=1,Coder2!AN11=1),IF(SUMPRODUCT(--(Coder1!E11:AH11&""<>Coder2!E11:AH11&""))=0,1,0),"")
A12: =Coder1!A12 | B12: =Coder1!B12 | C12: =Coder1!C12 | D12: =Coder1!D12 | E12: =IF(AND(Coder1!E12&""<>"",Coder1!E12&""=Coder2!E12&""),Coder1!E12,"") | F12: =IF(AND(Coder1!F12&""<>"",Coder1!F12&""=Coder2!F12&""),Coder1!F12,"") | G12: =IF(AND(Coder1!G12&""<>"",Coder1!G12&""=Coder2!G12&""),Coder1!G12,"") | H12: =IF(AND(Coder1!H12&""<>"",Coder1!H12&""=Coder2!H12&""),Coder1!H12,"") | I12: =IF(AND(Coder1!I12&""<>"",Coder1!I12&""=Coder2!I12&""),Coder1!I12,"") | J12: =IF(AND(Coder1!J12&""<>"",Coder1!J12&""=Coder2!J12&""),Coder1!J12,"") | K12: =IF(AND(Coder1!K12&""<>"",Coder1!K12&""=Coder2!K12&""),Coder1!K12,"") | L12: =IF(AND(Coder1!L12&""<>"",Coder1!L12&""=Coder2!L12&""),Coder1!L12,"") | ... AH12: =IF(AND(Coder1!AH12&""<>"",Coder1!AH12&""=Coder2!AH12&""),Coder1!AH12,"") | AI12: =IF(COUNT(E12:L12)=0,"",SUM(E12:L12)) | AJ12: =IF(AI12="","",N(E12)*3+N(F12)*2+N(G12)*2+N(H12)*2+N(I12)*2+N(J12)*3+N(K12)*3+N(L12)*3) | AK12: =IF(AI12="","",COUNTIF(N12:AG12,1)) | AL12: =IF(OR(AJ12="",AJ12=0),"",ROUND(100*(AJ12-AK12)/AJ12,1)) | AM12: =IF(AND(Coder1!AN12=1,Coder2!AN12=1),IF(COUNTBLANK(E12:AH12)>0,"Adjudicate blank cells",""),"Waiting for both coders") | AN12: =IF(AND(Coder1!AN12=1,Coder2!AN12=1),IF(SUMPRODUCT(--(Coder1!E12:AH12&""<>Coder2!E12:AH12&""))=0,1,0),"")
A13: =Coder1!A13 | B13: =Coder1!B13 | C13: =Coder1!C13 | D13: =Coder1!D13 | E13: =IF(AND(Coder1!E13&""<>"",Coder1!E13&""=Coder2!E13&""),Coder1!E13,"") | F13: =IF(AND(Coder1!F13&""<>"",Coder1!F13&""=Coder2!F13&""),Coder1!F13,"") | G13: =IF(AND(Coder1!G13&""<>"",Coder1!G13&""=Coder2!G13&""),Coder1!G13,"") | H13: =IF(AND(Coder1!H13&""<>"",Coder1!H13&""=Coder2!H13&""),Coder1!H13,"") | I13: =IF(AND(Coder1!I13&""<>"",Coder1!I13&""=Coder2!I13&""),Coder1!I13,"") | J13: =IF(AND(Coder1!J13&""<>"",Coder1!J13&""=Coder2!J13&""),Coder1!J13,"") | K13: =IF(AND(Coder1!K13&""<>"",Coder1!K13&""=Coder2!K13&""),Coder1!K13,"") | L13: =IF(AND(Coder1!L13&""<>"",Coder1!L13&""=Coder2!L13&""),Coder1!L13,"") | ... AH13: =IF(AND(Coder1!AH13&""<>"",Coder1!AH13&""=Coder2!AH13&""),Coder1!AH13,"") | AI13: =IF(COUNT(E13:L13)=0,"",SUM(E13:L13)) | AJ13: =IF(AI13="","",N(E13)*3+N(F13)*2+N(G13)*2+N(H13)*2+N(I13)*2+N(J13)*3+N(K13)*3+N(L13)*3) | AK13: =IF(AI13="","",COUNTIF(N13:AG13,1)) | AL13: =IF(OR(AJ13="",AJ13=0),"",ROUND(100*(AJ13-AK13)/AJ13,1)) | AM13: =IF(AND(Coder1!AN13=1,Coder2!AN13=1),IF(COUNTBLANK(E13:AH13)>0,"Adjudicate blank cells",""),"Waiting for both coders") | AN13: =IF(AND(Coder1!AN13=1,Coder2!AN13=1),IF(SUMPRODUCT(--(Coder1!E13:AH13&""<>Coder2!E13:AH13&""))=0,1,0),"")
... A224: =Coder1!A224 | B224: =Coder1!B224 | C224: =Coder1!C224 | D224: =Coder1!D224 | E224: =IF(AND(Coder1!E224&""<>"",Coder1!E224&""=Coder2!E224&""),Coder1!E224,"") | F224: =IF(AND(Coder1!F224&""<>"",Coder1!F224&""=Coder2!F224&""),Coder1!F224,"") | G224: =IF(AND(Coder1!G224&""<>"",Coder1!G224&""=Coder2!G224&""),Coder1!G224,"") | H224: =IF(AND(Coder1!H224&""<>"",Coder1!H224&""=Coder2!H224&""),Coder1!H224,"") | I224: =IF(AND(Coder1!I224&""<>"",Coder1!I224&""=Coder2!I224&""),Coder1!I224,"") | J224: =IF(AND(Coder1!J224&""<>"",Coder1!J224&""=Coder2!J224&""),Coder1!J224,"") | K224: =IF(AND(Coder1!K224&""<>"",Coder1!K224&""=Coder2!K224&""),Coder1!K224,"") | L224: =IF(AND(Coder1!L224&""<>"",Coder1!L224&""=Coder2!L224&""),Coder1!L224,"") | ... AH224: =IF(AND(Coder1!AH224&""<>"",Coder1!AH224&""=Coder2!AH224&""),Coder1!AH224,"") | AI224: =IF(COUNT(E224:L224)=0,"",SUM(E224:L224)) | AJ224: =IF(AI224="","",N(E224)*3+N(F224)*2+N(G224)*2+N(H224)*2+N(I224)*2+N(J224)*3+N(K224)*3+N(L224)*3) | AK224: =IF(AI224="","",COUNTIF(N224:AG224,1)) | AL224: =IF(OR(AJ224="",AJ224=0),"",ROUND(100*(AJ224-AK224)/AJ224,1)) | AM224: =IF(AND(Coder1!AN224=1,Coder2!AN224=1),IF(COUNTBLANK(E224:AH224)>0,"Adjudicate blank cells",""),"Waiting for both coders") | AN224: =IF(AND(Coder1!AN224=1,Coder2!AN224=1),IF(SUMPRODUCT(--(Coder1!E224:AH224&""<>Coder2!E224:AH224&""))=0,1,0),"")

Sheet Agreement
A1: Live inter-coder agreement (binary domains). κ uses rows where both coders marked the row done.
A2: Item | B2: Rows (pilot) | C2: p_o (pilot) | D2: κ (pilot) | E2: Rows (all) | F2: p_o (all) | G2: κ (all) | H2: Flag
A3: D1 | B3: =SUMPRODUCT((Cases!$B$2:$B$224="W2 pilot")*(Coder1!$AN$2:$AN$224=1)*(Coder2!$AN$2:$AN$224=1)) | C3: =IF(B3=0,"",SUMPRODUCT((Cases!$B$2:$B$224="W2 pilot")*(Coder1!$AN$2:$AN$224=1)*(Coder2!$AN$2:$AN$224=1)*(Coder1!$E$2:$E$224=Coder2!$E$2:$E$224))/B3) | D3: =IF(B3=0,"",IF(((SUMPRODUCT((Cases!$B$2:$B$224="W2 pilot")*(Coder1!$AN$2:$AN$224=1)*(Coder2!$AN$2:$AN$224=1)*(Coder1!$E$2:$E$224=1))/B3)*(SUMPRODUCT((Cases!$B$2:$B$224="W2 pilot")*(Coder1!$AN$2:$AN$224=1)*(Coder2!$AN$2:$AN$224=1)*(Coder2!$E$2:$E$224=1))/B3)+(1-(SUMPRODUCT((Cases!$B$2:$B$224="W2 pilot")*(Coder1!$AN$2:$AN$224=1)*(Coder2!$AN$2:$AN$224=1)*(Coder1!$E$2:$E$224=1))/B3))*(1-(SUMPRODUCT((Cases!$B$2:$B$224="W2 pilot")*(Coder1!$AN$2:$AN$224=1)*(Coder2!$AN$2:$AN$224=1)*(Coder2!$E$2:$E$224=1))/B3)))=1,1,(C3-((SUMPRODUCT((Cases!$B$2:$B$224="W2 pilot")*(Coder1!$AN$2:$AN$224=1)*(Coder2!$AN$2:$AN$224=1)*(Coder1!$E$2:$E$224=1))/B3)*(SUMPRODUCT((Cases!$B$2:$B$224="W2 pilot")*(Coder1!$AN$2:$AN$224=1)*(Coder2!$AN$2:$AN$224=1)*(Coder2!$E$2:$E$224=1))/B3)+(1-(SUMPRODUCT((Cases!$B$2:$B$224="W2 pilot")*(Coder1!$AN$2:$AN$224=1)*(Coder2!$AN$2:$AN$224=1)*(Coder1!$E$2:$E$224=1))/B3))*(1-(SUMPRODUCT((Cases!$B$2:$B$224="W2 pilot")*(Coder1!$AN$2:$AN$224=1)*(Coder2!$AN$2:$AN$224=1)*(Coder2!$E$2:$E$224=1))/B3))))/(1-((SUMPRODUCT((Cases!$B$2:$B$224="W2 pilot")*(Coder1!$AN$2:$AN$224=1)*(Coder2!$AN$2:$AN$224=1)*(Coder1!$E$2:$E$224=1))/B3)*(SUMPRODUCT((Cases!$B$2:$B$224="W2 pilot")*(Coder1!$AN$2:$AN$224=1)*(Coder2!$AN$2:$AN$224=1)*(Coder2!$E$2:$E$224=1))/B3)+(1-(SUMPRODUCT((Cases!$B$2:$B$224="W2 pilot")*(Coder1!$AN$2:$AN$224=1)*(Coder2!$AN$2:$AN$224=1)*(Coder1!$E$2:$E$224=1))/B3))*(1-(SUMPRODUCT((Cases!$B$2:$B$224="W2 pilot")*(Coder1!$AN$2:$AN$224=1)*(Coder2!$AN$2:$AN$224=1)*(Coder2!$E$2:$E$224=1))/B3)))))) | E3: =SUMPRODUCT((Coder1!$AN$2:$AN$224=1)*(Coder2!$AN$2:$AN$224=1)) | F3: =IF(E3=0,"",SUMPRODUCT((Coder1!$AN$2:$AN$224=1)*(Coder2!$AN$2:$AN$224=1)*(Coder1!$E$2:$E$224=Coder2!$E$2:$E$224))/E3) | G3: =IF(E3=0,"",IF(((SUMPRODUCT((Coder1!$AN$2:$AN$224=1)*(Coder2!$AN$2:$AN$224=1)*(Coder1!$E$2:$E$224=1))/E3)*(SUMPRODUCT((Coder1!$AN$2:$AN$224=1)*(Coder2!$AN$2:$AN$224=1)*(Coder2!$E$2:$E$224=1))/E3)+(1-(SUMPRODUCT((Coder1!$AN$2:$AN$224=1)*(Coder2!$AN$2:$AN$224=1)*(Coder1!$E$2:$E$224=1))/E3))*(1-(SUMPRODUCT((Coder1!$AN$2:$AN$224=1)*(Coder2!$AN$2:$AN$224=1)*(Coder2!$E$2:$E$224=1))/E3)))=1,1,(F3-((SUMPRODUCT((Coder1!$AN$2:$AN$224=1)*(Coder2!$AN$2:$AN$224=1)*(Coder1!$E$2:$E$224=1))/E3)*(SUMPRODUCT((Coder1!$AN$2:$AN$224=1)*(Coder2!$AN$2:$AN$224=1)*(Coder2!$E$2:$E$224=1))/E3)+(1-(SUMPRODUCT((Coder1!$AN$2:$AN$224=1)*(Coder2!$AN$2:$AN$224=1)*(Coder1!$E$2:$E$224=1))/E3))*(1-(SUMPRODUCT((Coder1!$AN$2:$AN$224=1)*(Coder2!$AN$2:$AN$224=1)*(Coder2!$E$2:$E$224=1))/E3))))/(1-((SUMPRODUCT((Coder1!$AN$2:$AN$224=1)*(Coder2!$AN$2:$AN$224=1)*(Coder1!$E$2:$E$224=1))/E3)*(SUMPRODUCT((Coder1!$AN$2:$AN$224=1)*(Coder2!$AN$2:$AN$224=1)*(Coder2!$E$2:$E$224=1))/E3)+(1-(SUMPRODUCT((Coder1!$AN$2:$AN$224=1)*(Coder2!$AN$2:$AN$224=1)*(Coder1!$E$2:$E$224=1))/E3))*(1-(SUMPRODUCT((Coder1!$AN$2:$AN$224=1)*(Coder2!$AN$2:$AN$224=1)*(Coder2!$E$2:$E$224=1))/E3)))))) | H3: =IF(D3="","",IF(D3<0.6,"Revise wording (κ < .60)","OK"))
A4: D2 | B4: =SUMPRODUCT((Cases!$B$2:$B$224="W2 pilot")*(Coder1!$AN$2:$AN$224=1)*(Coder2!$AN$2:$AN$224=1)) | C4: =IF(B4=0,"",SUMPRODUCT((Cases!$B$2:$B$224="W2 pilot")*(Coder1!$AN$2:$AN$224=1)*(Coder2!$AN$2:$AN$224=1)*(Coder1!$F$2:$F$224=Coder2!$F$2:$F$224))/B4) | D4: =IF(B4=0,"",IF(((SUMPRODUCT((Cases!$B$2:$B$224="W2 pilot")*(Coder1!$AN$2:$AN$224=1)*(Coder2!$AN$2:$AN$224=1)*(Coder1!$F$2:$F$224=1))/B4)*(SUMPRODUCT((Cases!$B$2:$B$224="W2 pilot")*(Coder1!$AN$2:$AN$224=1)*(Coder2!$AN$2:$AN$224=1)*(Coder2!$F$2:$F$224=1))/B4)+(1-(SUMPRODUCT((Cases!$B$2:$B$224="W2 pilot")*(Coder1!$AN$2:$AN$224=1)*(Coder2!$AN$2:$AN$224=1)*(Coder1!$F$2:$F$224=1))/B4))*(1-(SUMPRODUCT((Cases!$B$2:$B$224="W2 pilot")*(Coder1!$AN$2:$AN$224=1)*(Coder2!$AN$2:$AN$224=1)*(Coder2!$F$2:$F$224=1))/B4)))=1,1,(C4-((SUMPRODUCT((Cases!$B$2:$B$224="W2 pilot")*(Coder1!$AN$2:$AN$224=1)*(Coder2!$AN$2:$AN$224=1)*(Coder1!$F$2:$F$224=1))/B4)*(SUMPRODUCT((Cases!$B$2:$B$224="W2 pilot")*(Coder1!$AN$2:$AN$224=1)*(Coder2!$AN$2:$AN$224=1)*(Coder2!$F$2:$F$224=1))/B4)+(1-(SUMPRODUCT((Cases!$B$2:$B$224="W2 pilot")*(Coder1!$AN$2:$AN$224=1)*(Coder2!$AN$2:$AN$224=1)*(Coder1!$F$2:$F$224=1))/B4))*(1-(SUMPRODUCT((Cases!$B$2:$B$224="W2 pilot")*(Coder1!$AN$2:$AN$224=1)*(Coder2!$AN$2:$AN$224=1)*(Coder2!$F$2:$F$224=1))/B4))))/(1-((SUMPRODUCT((Cases!$B$2:$B$224="W2 pilot")*(Coder1!$AN$2:$AN$224=1)*(Coder2!$AN$2:$AN$224=1)*(Coder1!$F$2:$F$224=1))/B4)*(SUMPRODUCT((Cases!$B$2:$B$224="W2 pilot")*(Coder1!$AN$2:$AN$224=1)*(Coder2!$AN$2:$AN$224=1)*(Coder2!$F$2:$F$224=1))/B4)+(1-(SUMPRODUCT((Cases!$B$2:$B$224="W2 pilot")*(Coder1!$AN$2:$AN$224=1)*(Coder2!$AN$2:$AN$224=1)*(Coder1!$F$2:$F$224=1))/B4))*(1-(SUMPRODUCT((Cases!$B$2:$B$224="W2 pilot")*(Coder1!$AN$2:$AN$224=1)*(Coder2!$AN$2:$AN$224=1)*(Coder2!$F$2:$F$224=1))/B4)))))) | E4: =SUMPRODUCT((Coder1!$AN$2:$AN$224=1)*(Coder2!$AN$2:$AN$224=1)) | F4: =IF(E4=0,"",SUMPRODUCT((Coder1!$AN$2:$AN$224=1)*(Coder2!$AN$2:$AN$224=1)*(Coder1!$F$2:$F$224=Coder2!$F$2:$F$224))/E4) | G4: =IF(E4=0,"",IF(((SUMPRODUCT((Coder1!$AN$2:$AN$224=1)*(Coder2!$AN$2:$AN$224=1)*(Coder1!$F$2:$F$224=1))/E4)*(SUMPRODUCT((Coder1!$AN$2:$AN$224=1)*(Coder2!$AN$2:$AN$224=1)*(Coder2!$F$2:$F$224=1))/E4)+(1-(SUMPRODUCT((Coder1!$AN$2:$AN$224=1)*(Coder2!$AN$2:$AN$224=1)*(Coder1!$F$2:$F$224=1))/E4))*(1-(SUMPRODUCT((Coder1!$AN$2:$AN$224=1)*(Coder2!$AN$2:$AN$224=1)*(Coder2!$F$2:$F$224=1))/E4)))=1,1,(F4-((SUMPRODUCT((Coder1!$AN$2:$AN$224=1)*(Coder2!$AN$2:$AN$224=1)*(Coder1!$F$2:$F$224=1))/E4)*(SUMPRODUCT((Coder1!$AN$2:$AN$224=1)*(Coder2!$AN$2:$AN$224=1)*(Coder2!$F$2:$F$224=1))/E4)+(1-(SUMPRODUCT((Coder1!$AN$2:$AN$224=1)*(Coder2!$AN$2:$AN$224=1)*(Coder1!$F$2:$F$224=1))/E4))*(1-(SUMPRODUCT((Coder1!$AN$2:$AN$224=1)*(Coder2!$AN$2:$AN$224=1)*(Coder2!$F$2:$F$224=1))/E4))))/(1-((SUMPRODUCT((Coder1!$AN$2:$AN$224=1)*(Coder2!$AN$2:$AN$224=1)*(Coder1!$F$2:$F$224=1))/E4)*(SUMPRODUCT((Coder1!$AN$2:$AN$224=1)*(Coder2!$AN$2:$AN$224=1)*(Coder2!$F$2:$F$224=1))/E4)+(1-(SUMPRODUCT((Coder1!$AN$2:$AN$224=1)*(Coder2!$AN$2:$AN$224=1)*(Coder1!$F$2:$F$224=1))/E4))*(1-(SUMPRODUCT((Coder1!$AN$2:$AN$224=1)*(Coder2!$AN$2:$AN$224=1)*(Coder2!$F$2:$F$224=1))/E4)))))) | H4: =IF(D4="","",IF(D4<0.6,"Revise wording (κ < .60)","OK"))
A5: D3 | B5: =SUMPRODUCT((Cases!$B$2:$B$224="W2 pilot")*(Coder1!$AN$2:$AN$224=1)*(Coder2!$AN$2:$AN$224=1)) | C5: =IF(B5=0,"",SUMPRODUCT((Cases!$B$2:$B$224="W2 pilot")*(Coder1!$AN$2:$AN$224=1)*(Coder2!$AN$2:$AN$224=1)*(Coder1!$G$2:$G$224=Coder2!$G$2:$G$224))/B5) | D5: =IF(B5=0,"",IF(((SUMPRODUCT((Cases!$B$2:$B$224="W2 pilot")*(Coder1!$AN$2:$AN$224=1)*(Coder2!$AN$2:$AN$224=1)*(Coder1!$G$2:$G$224=1))/B5)*(SUMPRODUCT((Cases!$B$2:$B$224="W2 pilot")*(Coder1!$AN$2:$AN$224=1)*(Coder2!$AN$2:$AN$224=1)*(Coder2!$G$2:$G$224=1))/B5)+(1-(SUMPRODUCT((Cases!$B$2:$B$224="W2 pilot")*(Coder1!$AN$2:$AN$224=1)*(Coder2!$AN$2:$AN$224=1)*(Coder1!$G$2:$G$224=1))/B5))*(1-(SUMPRODUCT((Cases!$B$2:$B$224="W2 pilot")*(Coder1!$AN$2:$AN$224=1)*(Coder2!$AN$2:$AN$224=1)*(Coder2!$G$2:$G$224=1))/B5)))=1,1,(C5-((SUMPRODUCT((Cases!$B$2:$B$224="W2 pilot")*(Coder1!$AN$2:$AN$224=1)*(Coder2!$AN$2:$AN$224=1)*(Coder1!$G$2:$G$224=1))/B5)*(SUMPRODUCT((Cases!$B$2:$B$224="W2 pilot")*(Coder1!$AN$2:$AN$224=1)*(Coder2!$AN$2:$AN$224=1)*(Coder2!$G$2:$G$224=1))/B5)+(1-(SUMPRODUCT((Cases!$B$2:$B$224="W2 pilot")*(Coder1!$AN$2:$AN$224=1)*(Coder2!$AN$2:$AN$224=1)*(Coder1!$G$2:$G$224=1))/B5))*(1-(SUMPRODUCT((Cases!$B$2:$B$224="W2 pilot")*(Coder1!$AN$2:$AN$224=1)*(Coder2!$AN$2:$AN$224=1)*(Coder2!$G$2:$G$224=1))/B5))))/(1-((SUMPRODUCT((Cases!$B$2:$B$224="W2 pilot")*(Coder1!$AN$2:$AN$224=1)*(Coder2!$AN$2:$AN$224=1)*(Coder1!$G$2:$G$224=1))/B5)*(SUMPRODUCT((Cases!$B$2:$B$224="W2 pilot")*(Coder1!$AN$2:$AN$224=1)*(Coder2!$AN$2:$AN$224=1)*(Coder2!$G$2:$G$224=1))/B5)+(1-(SUMPRODUCT((Cases!$B$2:$B$224="W2 pilot")*(Coder1!$AN$2:$AN$224=1)*(Coder2!$AN$2:$AN$224=1)*(Coder1!$G$2:$G$224=1))/B5))*(1-(SUMPRODUCT((Cases!$B$2:$B$224="W2 pilot")*(Coder1!$AN$2:$AN$224=1)*(Coder2!$AN$2:$AN$224=1)*(Coder2!$G$2:$G$224=1))/B5)))))) | E5: =SUMPRODUCT((Coder1!$AN$2:$AN$224=1)*(Coder2!$AN$2:$AN$224=1)) | F5: =IF(E5=0,"",SUMPRODUCT((Coder1!$AN$2:$AN$224=1)*(Coder2!$AN$2:$AN$224=1)*(Coder1!$G$2:$G$224=Coder2!$G$2:$G$224))/E5) | G5: =IF(E5=0,"",IF(((SUMPRODUCT((Coder1!$AN$2:$AN$224=1)*(Coder2!$AN$2:$AN$224=1)*(Coder1!$G$2:$G$224=1))/E5)*(SUMPRODUCT((Coder1!$AN$2:$AN$224=1)*(Coder2!$AN$2:$AN$224=1)*(Coder2!$G$2:$G$224=1))/E5)+(1-(SUMPRODUCT((Coder1!$AN$2:$AN$224=1)*(Coder2!$AN$2:$AN$224=1)*(Coder1!$G$2:$G$224=1))/E5))*(1-(SUMPRODUCT((Coder1!$AN$2:$AN$224=1)*(Coder2!$AN$2:$AN$224=1)*(Coder2!$G$2:$G$224=1))/E5)))=1,1,(F5-((SUMPRODUCT((Coder1!$AN$2:$AN$224=1)*(Coder2!$AN$2:$AN$224=1)*(Coder1!$G$2:$G$224=1))/E5)*(SUMPRODUCT((Coder1!$AN$2:$AN$224=1)*(Coder2!$AN$2:$AN$224=1)*(Coder2!$G$2:$G$224=1))/E5)+(1-(SUMPRODUCT((Coder1!$AN$2:$AN$224=1)*(Coder2!$AN$2:$AN$224=1)*(Coder1!$G$2:$G$224=1))/E5))*(1-(SUMPRODUCT((Coder1!$AN$2:$AN$224=1)*(Coder2!$AN$2:$AN$224=1)*(Coder2!$G$2:$G$224=1))/E5))))/(1-((SUMPRODUCT((Coder1!$AN$2:$AN$224=1)*(Coder2!$AN$2:$AN$224=1)*(Coder1!$G$2:$G$224=1))/E5)*(SUMPRODUCT((Coder1!$AN$2:$AN$224=1)*(Coder2!$AN$2:$AN$224=1)*(Coder2!$G$2:$G$224=1))/E5)+(1-(SUMPRODUCT((Coder1!$AN$2:$AN$224=1)*(Coder2!$AN$2:$AN$224=1)*(Coder1!$G$2:$G$224=1))/E5))*(1-(SUMPRODUCT((Coder1!$AN$2:$AN$224=1)*(Coder2!$AN$2:$AN$224=1)*(Coder2!$G$2:$G$224=1))/E5)))))) | H5: =IF(D5="","",IF(D5<0.6,"Revise wording (κ < .60)","OK"))
A6: D4 | B6: =SUMPRODUCT((Cases!$B$2:$B$224="W2 pilot")*(Coder1!$AN$2:$AN$224=1)*(Coder2!$AN$2:$AN$224=1)) | C6: =IF(B6=0,"",SUMPRODUCT((Cases!$B$2:$B$224="W2 pilot")*(Coder1!$AN$2:$AN$224=1)*(Coder2!$AN$2:$AN$224=1)*(Coder1!$H$2:$H$224=Coder2!$H$2:$H$224))/B6) | D6: =IF(B6=0,"",IF(((SUMPRODUCT((Cases!$B$2:$B$224="W2 pilot")*(Coder1!$AN$2:$AN$224=1)*(Coder2!$AN$2:$AN$224=1)*(Coder1!$H$2:$H$224=1))/B6)*(SUMPRODUCT((Cases!$B$2:$B$224="W2 pilot")*(Coder1!$AN$2:$AN$224=1)*(Coder2!$AN$2:$AN$224=1)*(Coder2!$H$2:$H$224=1))/B6)+(1-(SUMPRODUCT((Cases!$B$2:$B$224="W2 pilot")*(Coder1!$AN$2:$AN$224=1)*(Coder2!$AN$2:$AN$224=1)*(Coder1!$H$2:$H$224=1))/B6))*(1-(SUMPRODUCT((Cases!$B$2:$B$224="W2 pilot")*(Coder1!$AN$2:$AN$224=1)*(Coder2!$AN$2:$AN$224=1)*(Coder2!$H$2:$H$224=1))/B6)))=1,1,(C6-((SUMPRODUCT((Cases!$B$2:$B$224="W2 pilot")*(Coder1!$AN$2:$AN$224=1)*(Coder2!$AN$2:$AN$224=1)*(Coder1!$H$2:$H$224=1))/B6)*(SUMPRODUCT((Cases!$B$2:$B$224="W2 pilot")*(Coder1!$AN$2:$AN$224=1)*(Coder2!$AN$2:$AN$224=1)*(Coder2!$H$2:$H$224=1))/B6)+(1-(SUMPRODUCT((Cases!$B$2:$B$224="W2 pilot")*(Coder1!$AN$2:$AN$224=1)*(Coder2!$AN$2:$AN$224=1)*(Coder1!$H$2:$H$224=1))/B6))*(1-(SUMPRODUCT((Cases!$B$2:$B$224="W2 pilot")*(Coder1!$AN$2:$AN$224=1)*(Coder2!$AN$2:$AN$224=1)*(Coder2!$H$2:$H$224=1))/B6))))/(1-((SUMPRODUCT((Cases!$B$2:$B$224="W2 pilot")*(Coder1!$AN$2:$AN$224=1)*(Coder2!$AN$2:$AN$224=1)*(Coder1!$H$2:$H$224=1))/B6)*(SUMPRODUCT((Cases!$B$2:$B$224="W2 pilot")*(Coder1!$AN$2:$AN$224=1)*(Coder2!$AN$2:$AN$224=1)*(Coder2!$H$2:$H$224=1))/B6)+(1-(SUMPRODUCT((Cases!$B$2:$B$224="W2 pilot")*(Coder1!$AN$2:$AN$224=1)*(Coder2!$AN$2:$AN$224=1)*(Coder1!$H$2:$H$224=1))/B6))*(1-(SUMPRODUCT((Cases!$B$2:$B$224="W2 pilot")*(Coder1!$AN$2:$AN$224=1)*(Coder2!$AN$2:$AN$224=1)*(Coder2!$H$2:$H$224=1))/B6)))))) | E6: =SUMPRODUCT((Coder1!$AN$2:$AN$224=1)*(Coder2!$AN$2:$AN$224=1)) | F6: =IF(E6=0,"",SUMPRODUCT((Coder1!$AN$2:$AN$224=1)*(Coder2!$AN$2:$AN$224=1)*(Coder1!$H$2:$H$224=Coder2!$H$2:$H$224))/E6) | G6: =IF(E6=0,"",IF(((SUMPRODUCT((Coder1!$AN$2:$AN$224=1)*(Coder2!$AN$2:$AN$224=1)*(Coder1!$H$2:$H$224=1))/E6)*(SUMPRODUCT((Coder1!$AN$2:$AN$224=1)*(Coder2!$AN$2:$AN$224=1)*(Coder2!$H$2:$H$224=1))/E6)+(1-(SUMPRODUCT((Coder1!$AN$2:$AN$224=1)*(Coder2!$AN$2:$AN$224=1)*(Coder1!$H$2:$H$224=1))/E6))*(1-(SUMPRODUCT((Coder1!$AN$2:$AN$224=1)*(Coder2!$AN$2:$AN$224=1)*(Coder2!$H$2:$H$224=1))/E6)))=1,1,(F6-((SUMPRODUCT((Coder1!$AN$2:$AN$224=1)*(Coder2!$AN$2:$AN$224=1)*(Coder1!$H$2:$H$224=1))/E6)*(SUMPRODUCT((Coder1!$AN$2:$AN$224=1)*(Coder2!$AN$2:$AN$224=1)*(Coder2!$H$2:$H$224=1))/E6)+(1-(SUMPRODUCT((Coder1!$AN$2:$AN$224=1)*(Coder2!$AN$2:$AN$224=1)*(Coder1!$H$2:$H$224=1))/E6))*(1-(SUMPRODUCT((Coder1!$AN$2:$AN$224=1)*(Coder2!$AN$2:$AN$224=1)*(Coder2!$H$2:$H$224=1))/E6))))/(1-((SUMPRODUCT((Coder1!$AN$2:$AN$224=1)*(Coder2!$AN$2:$AN$224=1)*(Coder1!$H$2:$H$224=1))/E6)*(SUMPRODUCT((Coder1!$AN$2:$AN$224=1)*(Coder2!$AN$2:$AN$224=1)*(Coder2!$H$2:$H$224=1))/E6)+(1-(SUMPRODUCT((Coder1!$AN$2:$AN$224=1)*(Coder2!$AN$2:$AN$224=1)*(Coder1!$H$2:$H$224=1))/E6))*(1-(SUMPRODUCT((Coder1!$AN$2:$AN$224=1)*(Coder2!$AN$2:$AN$224=1)*(Coder2!$H$2:$H$224=1))/E6)))))) | H6: =IF(D6="","",IF(D6<0.6,"Revise wording (κ < .60)","OK"))
A7: D5 | B7: =SUMPRODUCT((Cases!$B$2:$B$224="W2 pilot")*(Coder1!$AN$2:$AN$224=1)*(Coder2!$AN$2:$AN$224=1)) | C7: =IF(B7=0,"",SUMPRODUCT((Cases!$B$2:$B$224="W2 pilot")*(Coder1!$AN$2:$AN$224=1)*(Coder2!$AN$2:$AN$224=1)*(Coder1!$I$2:$I$224=Coder2!$I$2:$I$224))/B7) | D7: =IF(B7=0,"",IF(((SUMPRODUCT((Cases!$B$2:$B$224="W2 pilot")*(Coder1!$AN$2:$AN$224=1)*(Coder2!$AN$2:$AN$224=1)*(Coder1!$I$2:$I$224=1))/B7)*(SUMPRODUCT((Cases!$B$2:$B$224="W2 pilot")*(Coder1!$AN$2:$AN$224=1)*(Coder2!$AN$2:$AN$224=1)*(Coder2!$I$2:$I$224=1))/B7)+(1-(SUMPRODUCT((Cases!$B$2:$B$224="W2 pilot")*(Coder1!$AN$2:$AN$224=1)*(Coder2!$AN$2:$AN$224=1)*(Coder1!$I$2:$I$224=1))/B7))*(1-(SUMPRODUCT((Cases!$B$2:$B$224="W2 pilot")*(Coder1!$AN$2:$AN$224=1)*(Coder2!$AN$2:$AN$224=1)*(Coder2!$I$2:$I$224=1))/B7)))=1,1,(C7-((SUMPRODUCT((Cases!$B$2:$B$224="W2 pilot")*(Coder1!$AN$2:$AN$224=1)*(Coder2!$AN$2:$AN$224=1)*(Coder1!$I$2:$I$224=1))/B7)*(SUMPRODUCT((Cases!$B$2:$B$224="W2 pilot")*(Coder1!$AN$2:$AN$224=1)*(Coder2!$AN$2:$AN$224=1)*(Coder2!$I$2:$I$224=1))/B7)+(1-(SUMPRODUCT((Cases!$B$2:$B$224="W2 pilot")*(Coder1!$AN$2:$AN$224=1)*(Coder2!$AN$2:$AN$224=1)*(Coder1!$I$2:$I$224=1))/B7))*(1-(SUMPRODUCT((Cases!$B$2:$B$224="W2 pilot")*(Coder1!$AN$2:$AN$224=1)*(Coder2!$AN$2:$AN$224=1)*(Coder2!$I$2:$I$224=1))/B7))))/(1-((SUMPRODUCT((Cases!$B$2:$B$224="W2 pilot")*(Coder1!$AN$2:$AN$224=1)*(Coder2!$AN$2:$AN$224=1)*(Coder1!$I$2:$I$224=1))/B7)*(SUMPRODUCT((Cases!$B$2:$B$224="W2 pilot")*(Coder1!$AN$2:$AN$224=1)*(Coder2!$AN$2:$AN$224=1)*(Coder2!$I$2:$I$224=1))/B7)+(1-(SUMPRODUCT((Cases!$B$2:$B$224="W2 pilot")*(Coder1!$AN$2:$AN$224=1)*(Coder2!$AN$2:$AN$224=1)*(Coder1!$I$2:$I$224=1))/B7))*(1-(SUMPRODUCT((Cases!$B$2:$B$224="W2 pilot")*(Coder1!$AN$2:$AN$224=1)*(Coder2!$AN$2:$AN$224=1)*(Coder2!$I$2:$I$224=1))/B7)))))) | E7: =SUMPRODUCT((Coder1!$AN$2:$AN$224=1)*(Coder2!$AN$2:$AN$224=1)) | F7: =IF(E7=0,"",SUMPRODUCT((Coder1!$AN$2:$AN$224=1)*(Coder2!$AN$2:$AN$224=1)*(Coder1!$I$2:$I$224=Coder2!$I$2:$I$224))/E7) | G7: =IF(E7=0,"",IF(((SUMPRODUCT((Coder1!$AN$2:$AN$224=1)*(Coder2!$AN$2:$AN$224=1)*(Coder1!$I$2:$I$224=1))/E7)*(SUMPRODUCT((Coder1!$AN$2:$AN$224=1)*(Coder2!$AN$2:$AN$224=1)*(Coder2!$I$2:$I$224=1))/E7)+(1-(SUMPRODUCT((Coder1!$AN$2:$AN$224=1)*(Coder2!$AN$2:$AN$224=1)*(Coder1!$I$2:$I$224=1))/E7))*(1-(SUMPRODUCT((Coder1!$AN$2:$AN$224=1)*(Coder2!$AN$2:$AN$224=1)*(Coder2!$I$2:$I$224=1))/E7)))=1,1,(F7-((SUMPRODUCT((Coder1!$AN$2:$AN$224=1)*(Coder2!$AN$2:$AN$224=1)*(Coder1!$I$2:$I$224=1))/E7)*(SUMPRODUCT((Coder1!$AN$2:$AN$224=1)*(Coder2!$AN$2:$AN$224=1)*(Coder2!$I$2:$I$224=1))/E7)+(1-(SUMPRODUCT((Coder1!$AN$2:$AN$224=1)*(Coder2!$AN$2:$AN$224=1)*(Coder1!$I$2:$I$224=1))/E7))*(1-(SUMPRODUCT((Coder1!$AN$2:$AN$224=1)*(Coder2!$AN$2:$AN$224=1)*(Coder2!$I$2:$I$224=1))/E7))))/(1-((SUMPRODUCT((Coder1!$AN$2:$AN$224=1)*(Coder2!$AN$2:$AN$224=1)*(Coder1!$I$2:$I$224=1))/E7)*(SUMPRODUCT((Coder1!$AN$2:$AN$224=1)*(Coder2!$AN$2:$AN$224=1)*(Coder2!$I$2:$I$224=1))/E7)+(1-(SUMPRODUCT((Coder1!$AN$2:$AN$224=1)*(Coder2!$AN$2:$AN$224=1)*(Coder1!$I$2:$I$224=1))/E7))*(1-(SUMPRODUCT((Coder1!$AN$2:$AN$224=1)*(Coder2!$AN$2:$AN$224=1)*(Coder2!$I$2:$I$224=1))/E7)))))) | H7: =IF(D7="","",IF(D7<0.6,"Revise wording (κ < .60)","OK"))
A8: D6 | B8: =SUMPRODUCT((Cases!$B$2:$B$224="W2 pilot")*(Coder1!$AN$2:$AN$224=1)*(Coder2!$AN$2:$AN$224=1)) | C8: =IF(B8=0,"",SUMPRODUCT((Cases!$B$2:$B$224="W2 pilot")*(Coder1!$AN$2:$AN$224=1)*(Coder2!$AN$2:$AN$224=1)*(Coder1!$J$2:$J$224=Coder2!$J$2:$J$224))/B8) | D8: =IF(B8=0,"",IF(((SUMPRODUCT((Cases!$B$2:$B$224="W2 pilot")*(Coder1!$AN$2:$AN$224=1)*(Coder2!$AN$2:$AN$224=1)*(Coder1!$J$2:$J$224=1))/B8)*(SUMPRODUCT((Cases!$B$2:$B$224="W2 pilot")*(Coder1!$AN$2:$AN$224=1)*(Coder2!$AN$2:$AN$224=1)*(Coder2!$J$2:$J$224=1))/B8)+(1-(SUMPRODUCT((Cases!$B$2:$B$224="W2 pilot")*(Coder1!$AN$2:$AN$224=1)*(Coder2!$AN$2:$AN$224=1)*(Coder1!$J$2:$J$224=1))/B8))*(1-(SUMPRODUCT((Cases!$B$2:$B$224="W2 pilot")*(Coder1!$AN$2:$AN$224=1)*(Coder2!$AN$2:$AN$224=1)*(Coder2!$J$2:$J$224=1))/B8)))=1,1,(C8-((SUMPRODUCT((Cases!$B$2:$B$224="W2 pilot")*(Coder1!$AN$2:$AN$224=1)*(Coder2!$AN$2:$AN$224=1)*(Coder1!$J$2:$J$224=1))/B8)*(SUMPRODUCT((Cases!$B$2:$B$224="W2 pilot")*(Coder1!$AN$2:$AN$224=1)*(Coder2!$AN$2:$AN$224=1)*(Coder2!$J$2:$J$224=1))/B8)+(1-(SUMPRODUCT((Cases!$B$2:$B$224="W2 pilot")*(Coder1!$AN$2:$AN$224=1)*(Coder2!$AN$2:$AN$224=1)*(Coder1!$J$2:$J$224=1))/B8))*(1-(SUMPRODUCT((Cases!$B$2:$B$224="W2 pilot")*(Coder1!$AN$2:$AN$224=1)*(Coder2!$AN$2:$AN$224=1)*(Coder2!$J$2:$J$224=1))/B8))))/(1-((SUMPRODUCT((Cases!$B$2:$B$224="W2 pilot")*(Coder1!$AN$2:$AN$224=1)*(Coder2!$AN$2:$AN$224=1)*(Coder1!$J$2:$J$224=1))/B8)*(SUMPRODUCT((Cases!$B$2:$B$224="W2 pilot")*(Coder1!$AN$2:$AN$224=1)*(Coder2!$AN$2:$AN$224=1)*(Coder2!$J$2:$J$224=1))/B8)+(1-(SUMPRODUCT((Cases!$B$2:$B$224="W2 pilot")*(Coder1!$AN$2:$AN$224=1)*(Coder2!$AN$2:$AN$224=1)*(Coder1!$J$2:$J$224=1))/B8))*(1-(SUMPRODUCT((Cases!$B$2:$B$224="W2 pilot")*(Coder1!$AN$2:$AN$224=1)*(Coder2!$AN$2:$AN$224=1)*(Coder2!$J$2:$J$224=1))/B8)))))) | E8: =SUMPRODUCT((Coder1!$AN$2:$AN$224=1)*(Coder2!$AN$2:$AN$224=1)) | F8: =IF(E8=0,"",SUMPRODUCT((Coder1!$AN$2:$AN$224=1)*(Coder2!$AN$2:$AN$224=1)*(Coder1!$J$2:$J$224=Coder2!$J$2:$J$224))/E8) | G8: =IF(E8=0,"",IF(((SUMPRODUCT((Coder1!$AN$2:$AN$224=1)*(Coder2!$AN$2:$AN$224=1)*(Coder1!$J$2:$J$224=1))/E8)*(SUMPRODUCT((Coder1!$AN$2:$AN$224=1)*(Coder2!$AN$2:$AN$224=1)*(Coder2!$J$2:$J$224=1))/E8)+(1-(SUMPRODUCT((Coder1!$AN$2:$AN$224=1)*(Coder2!$AN$2:$AN$224=1)*(Coder1!$J$2:$J$224=1))/E8))*(1-(SUMPRODUCT((Coder1!$AN$2:$AN$224=1)*(Coder2!$AN$2:$AN$224=1)*(Coder2!$J$2:$J$224=1))/E8)))=1,1,(F8-((SUMPRODUCT((Coder1!$AN$2:$AN$224=1)*(Coder2!$AN$2:$AN$224=1)*(Coder1!$J$2:$J$224=1))/E8)*(SUMPRODUCT((Coder1!$AN$2:$AN$224=1)*(Coder2!$AN$2:$AN$224=1)*(Coder2!$J$2:$J$224=1))/E8)+(1-(SUMPRODUCT((Coder1!$AN$2:$AN$224=1)*(Coder2!$AN$2:$AN$224=1)*(Coder1!$J$2:$J$224=1))/E8))*(1-(SUMPRODUCT((Coder1!$AN$2:$AN$224=1)*(Coder2!$AN$2:$AN$224=1)*(Coder2!$J$2:$J$224=1))/E8))))/(1-((SUMPRODUCT((Coder1!$AN$2:$AN$224=1)*(Coder2!$AN$2:$AN$224=1)*(Coder1!$J$2:$J$224=1))/E8)*(SUMPRODUCT((Coder1!$AN$2:$AN$224=1)*(Coder2!$AN$2:$AN$224=1)*(Coder2!$J$2:$J$224=1))/E8)+(1-(SUMPRODUCT((Coder1!$AN$2:$AN$224=1)*(Coder2!$AN$2:$AN$224=1)*(Coder1!$J$2:$J$224=1))/E8))*(1-(SUMPRODUCT((Coder1!$AN$2:$AN$224=1)*(Coder2!$AN$2:$AN$224=1)*(Coder2!$J$2:$J$224=1))/E8)))))) | H8: =IF(D8="","",IF(D8<0.6,"Revise wording (κ < .60)","OK"))
A9: D7 | B9: =SUMPRODUCT((Cases!$B$2:$B$224="W2 pilot")*(Coder1!$AN$2:$AN$224=1)*(Coder2!$AN$2:$AN$224=1)) | C9: =IF(B9=0,"",SUMPRODUCT((Cases!$B$2:$B$224="W2 pilot")*(Coder1!$AN$2:$AN$224=1)*(Coder2!$AN$2:$AN$224=1)*(Coder1!$K$2:$K$224=Coder2!$K$2:$K$224))/B9) | D9: =IF(B9=0,"",IF(((SUMPRODUCT((Cases!$B$2:$B$224="W2 pilot")*(Coder1!$AN$2:$AN$224=1)*(Coder2!$AN$2:$AN$224=1)*(Coder1!$K$2:$K$224=1))/B9)*(SUMPRODUCT((Cases!$B$2:$B$224="W2 pilot")*(Coder1!$AN$2:$AN$224=1)*(Coder2!$AN$2:$AN$224=1)*(Coder2!$K$2:$K$224=1))/B9)+(1-(SUMPRODUCT((Cases!$B$2:$B$224="W2 pilot")*(Coder1!$AN$2:$AN$224=1)*(Coder2!$AN$2:$AN$224=1)*(Coder1!$K$2:$K$224=1))/B9))*(1-(SUMPRODUCT((Cases!$B$2:$B$224="W2 pilot")*(Coder1!$AN$2:$AN$224=1)*(Coder2!$AN$2:$AN$224=1)*(Coder2!$K$2:$K$224=1))/B9)))=1,1,(C9-((SUMPRODUCT((Cases!$B$2:$B$224="W2 pilot")*(Coder1!$AN$2:$AN$224=1)*(Coder2!$AN$2:$AN$224=1)*(Coder1!$K$2:$K$224=1))/B9)*(SUMPRODUCT((Cases!$B$2:$B$224="W2 pilot")*(Coder1!$AN$2:$AN$224=1)*(Coder2!$AN$2:$AN$224=1)*(Coder2!$K$2:$K$224=1))/B9)+(1-(SUMPRODUCT((Cases!$B$2:$B$224="W2 pilot")*(Coder1!$AN$2:$AN$224=1)*(Coder2!$AN$2:$AN$224=1)*(Coder1!$K$2:$K$224=1))/B9))*(1-(SUMPRODUCT((Cases!$B$2:$B$224="W2 pilot")*(Coder1!$AN$2:$AN$224=1)*(Coder2!$AN$2:$AN$224=1)*(Coder2!$K$2:$K$224=1))/B9))))/(1-((SUMPRODUCT((Cases!$B$2:$B$224="W2 pilot")*(Coder1!$AN$2:$AN$224=1)*(Coder2!$AN$2:$AN$224=1)*(Coder1!$K$2:$K$224=1))/B9)*(SUMPRODUCT((Cases!$B$2:$B$224="W2 pilot")*(Coder1!$AN$2:$AN$224=1)*(Coder2!$AN$2:$AN$224=1)*(Coder2!$K$2:$K$224=1))/B9)+(1-(SUMPRODUCT((Cases!$B$2:$B$224="W2 pilot")*(Coder1!$AN$2:$AN$224=1)*(Coder2!$AN$2:$AN$224=1)*(Coder1!$K$2:$K$224=1))/B9))*(1-(SUMPRODUCT((Cases!$B$2:$B$224="W2 pilot")*(Coder1!$AN$2:$AN$224=1)*(Coder2!$AN$2:$AN$224=1)*(Coder2!$K$2:$K$224=1))/B9)))))) | E9: =SUMPRODUCT((Coder1!$AN$2:$AN$224=1)*(Coder2!$AN$2:$AN$224=1)) | F9: =IF(E9=0,"",SUMPRODUCT((Coder1!$AN$2:$AN$224=1)*(Coder2!$AN$2:$AN$224=1)*(Coder1!$K$2:$K$224=Coder2!$K$2:$K$224))/E9) | G9: =IF(E9=0,"",IF(((SUMPRODUCT((Coder1!$AN$2:$AN$224=1)*(Coder2!$AN$2:$AN$224=1)*(Coder1!$K$2:$K$224=1))/E9)*(SUMPRODUCT((Coder1!$AN$2:$AN$224=1)*(Coder2!$AN$2:$AN$224=1)*(Coder2!$K$2:$K$224=1))/E9)+(1-(SUMPRODUCT((Coder1!$AN$2:$AN$224=1)*(Coder2!$AN$2:$AN$224=1)*(Coder1!$K$2:$K$224=1))/E9))*(1-(SUMPRODUCT((Coder1!$AN$2:$AN$224=1)*(Coder2!$AN$2:$AN$224=1)*(Coder2!$K$2:$K$224=1))/E9)))=1,1,(F9-((SUMPRODUCT((Coder1!$AN$2:$AN$224=1)*(Coder2!$AN$2:$AN$224=1)*(Coder1!$K$2:$K$224=1))/E9)*(SUMPRODUCT((Coder1!$AN$2:$AN$224=1)*(Coder2!$AN$2:$AN$224=1)*(Coder2!$K$2:$K$224=1))/E9)+(1-(SUMPRODUCT((Coder1!$AN$2:$AN$224=1)*(Coder2!$AN$2:$AN$224=1)*(Coder1!$K$2:$K$224=1))/E9))*(1-(SUMPRODUCT((Coder1!$AN$2:$AN$224=1)*(Coder2!$AN$2:$AN$224=1)*(Coder2!$K$2:$K$224=1))/E9))))/(1-((SUMPRODUCT((Coder1!$AN$2:$AN$224=1)*(Coder2!$AN$2:$AN$224=1)*(Coder1!$K$2:$K$224=1))/E9)*(SUMPRODUCT((Coder1!$AN$2:$AN$224=1)*(Coder2!$AN$2:$AN$224=1)*(Coder2!$K$2:$K$224=1))/E9)+(1-(SUMPRODUCT((Coder1!$AN$2:$AN$224=1)*(Coder2!$AN$2:$AN$224=1)*(Coder1!$K$2:$K$224=1))/E9))*(1-(SUMPRODUCT((Coder1!$AN$2:$AN$224=1)*(Coder2!$AN$2:$AN$224=1)*(Coder2!$K$2:$K$224=1))/E9)))))) | H9: =IF(D9="","",IF(D9<0.6,"Revise wording (κ < .60)","OK"))
A10: D8 | B10: =SUMPRODUCT((Cases!$B$2:$B$224="W2 pilot")*(Coder1!$AN$2:$AN$224=1)*(Coder2!$AN$2:$AN$224=1)) | C10: =IF(B10=0,"",SUMPRODUCT((Cases!$B$2:$B$224="W2 pilot")*(Coder1!$AN$2:$AN$224=1)*(Coder2!$AN$2:$AN$224=1)*(Coder1!$L$2:$L$224=Coder2!$L$2:$L$224))/B10) | D10: =IF(B10=0,"",IF(((SUMPRODUCT((Cases!$B$2:$B$224="W2 pilot")*(Coder1!$AN$2:$AN$224=1)*(Coder2!$AN$2:$AN$224=1)*(Coder1!$L$2:$L$224=1))/B10)*(SUMPRODUCT((Cases!$B$2:$B$224="W2 pilot")*(Coder1!$AN$2:$AN$224=1)*(Coder2!$AN$2:$AN$224=1)*(Coder2!$L$2:$L$224=1))/B10)+(1-(SUMPRODUCT((Cases!$B$2:$B$224="W2 pilot")*(Coder1!$AN$2:$AN$224=1)*(Coder2!$AN$2:$AN$224=1)*(Coder1!$L$2:$L$224=1))/B10))*(1-(SUMPRODUCT((Cases!$B$2:$B$224="W2 pilot")*(Coder1!$AN$2:$AN$224=1)*(Coder2!$AN$2:$AN$224=1)*(Coder2!$L$2:$L$224=1))/B10)))=1,1,(C10-((SUMPRODUCT((Cases!$B$2:$B$224="W2 pilot")*(Coder1!$AN$2:$AN$224=1)*(Coder2!$AN$2:$AN$224=1)*(Coder1!$L$2:$L$224=1))/B10)*(SUMPRODUCT((Cases!$B$2:$B$224="W2 pilot")*(Coder1!$AN$2:$AN$224=1)*(Coder2!$AN$2:$AN$224=1)*(Coder2!$L$2:$L$224=1))/B10)+(1-(SUMPRODUCT((Cases!$B$2:$B$224="W2 pilot")*(Coder1!$AN$2:$AN$224=1)*(Coder2!$AN$2:$AN$224=1)*(Coder1!$L$2:$L$224=1))/B10))*(1-(SUMPRODUCT((Cases!$B$2:$B$224="W2 pilot")*(Coder1!$AN$2:$AN$224=1)*(Coder2!$AN$2:$AN$224=1)*(Coder2!$L$2:$L$224=1))/B10))))/(1-((SUMPRODUCT((Cases!$B$2:$B$224="W2 pilot")*(Coder1!$AN$2:$AN$224=1)*(Coder2!$AN$2:$AN$224=1)*(Coder1!$L$2:$L$224=1))/B10)*(SUMPRODUCT((Cases!$B$2:$B$224="W2 pilot")*(Coder1!$AN$2:$AN$224=1)*(Coder2!$AN$2:$AN$224=1)*(Coder2!$L$2:$L$224=1))/B10)+(1-(SUMPRODUCT((Cases!$B$2:$B$224="W2 pilot")*(Coder1!$AN$2:$AN$224=1)*(Coder2!$AN$2:$AN$224=1)*(Coder1!$L$2:$L$224=1))/B10))*(1-(SUMPRODUCT((Cases!$B$2:$B$224="W2 pilot")*(Coder1!$AN$2:$AN$224=1)*(Coder2!$AN$2:$AN$224=1)*(Coder2!$L$2:$L$224=1))/B10)))))) | E10: =SUMPRODUCT((Coder1!$AN$2:$AN$224=1)*(Coder2!$AN$2:$AN$224=1)) | F10: =IF(E10=0,"",SUMPRODUCT((Coder1!$AN$2:$AN$224=1)*(Coder2!$AN$2:$AN$224=1)*(Coder1!$L$2:$L$224=Coder2!$L$2:$L$224))/E10) | G10: =IF(E10=0,"",IF(((SUMPRODUCT((Coder1!$AN$2:$AN$224=1)*(Coder2!$AN$2:$AN$224=1)*(Coder1!$L$2:$L$224=1))/E10)*(SUMPRODUCT((Coder1!$AN$2:$AN$224=1)*(Coder2!$AN$2:$AN$224=1)*(Coder2!$L$2:$L$224=1))/E10)+(1-(SUMPRODUCT((Coder1!$AN$2:$AN$224=1)*(Coder2!$AN$2:$AN$224=1)*(Coder1!$L$2:$L$224=1))/E10))*(1-(SUMPRODUCT((Coder1!$AN$2:$AN$224=1)*(Coder2!$AN$2:$AN$224=1)*(Coder2!$L$2:$L$224=1))/E10)))=1,1,(F10-((SUMPRODUCT((Coder1!$AN$2:$AN$224=1)*(Coder2!$AN$2:$AN$224=1)*(Coder1!$L$2:$L$224=1))/E10)*(SUMPRODUCT((Coder1!$AN$2:$AN$224=1)*(Coder2!$AN$2:$AN$224=1)*(Coder2!$L$2:$L$224=1))/E10)+(1-(SUMPRODUCT((Coder1!$AN$2:$AN$224=1)*(Coder2!$AN$2:$AN$224=1)*(Coder1!$L$2:$L$224=1))/E10))*(1-(SUMPRODUCT((Coder1!$AN$2:$AN$224=1)*(Coder2!$AN$2:$AN$224=1)*(Coder2!$L$2:$L$224=1))/E10))))/(1-((SUMPRODUCT((Coder1!$AN$2:$AN$224=1)*(Coder2!$AN$2:$AN$224=1)*(Coder1!$L$2:$L$224=1))/E10)*(SUMPRODUCT((Coder1!$AN$2:$AN$224=1)*(Coder2!$AN$2:$AN$224=1)*(Coder2!$L$2:$L$224=1))/E10)+(1-(SUMPRODUCT((Coder1!$AN$2:$AN$224=1)*(Coder2!$AN$2:$AN$224=1)*(Coder1!$L$2:$L$224=1))/E10))*(1-(SUMPRODUCT((Coder1!$AN$2:$AN$224=1)*(Coder2!$AN$2:$AN$224=1)*(Coder2!$L$2:$L$224=1))/E10)))))) | H10: =IF(D10="","",IF(D10<0.6,"Revise wording (κ < .60)","OK"))
A11: Primary domain (exact agreement) | B11: =SUMPRODUCT((Cases!$B$2:$B$224="W2 pilot")*(Coder1!$AN$2:$AN$224=1)*(Coder2!$AN$2:$AN$224=1)) | C11: =IF(B11=0,"",SUMPRODUCT((Cases!$B$2:$B$224="W2 pilot")*(Coder1!$AN$2:$AN$224=1)*(Coder2!$AN$2:$AN$224=1)*(Coder1!$M$2:$M$224=Coder2!$M$2:$M$224))/B11) | D11: see script | E11: =SUMPRODUCT((Coder1!$AN$2:$AN$224=1)*(Coder2!$AN$2:$AN$224=1)) | F11: =IF(E11=0,"",SUMPRODUCT((Coder1!$AN$2:$AN$224=1)*(Coder2!$AN$2:$AN$224=1)*(Coder1!$M$2:$M$224=Coder2!$M$2:$M$224))/E11) | G11: see script
A13: Multi-category κ for the primary domain, bootstrap CIs and control-level agreement: run python src/05_pilot_kappa.py
